feature,importance
EXT_SOURCE_MEAN,0.10939483348667581
ANNUITY_CREDIT_RATIO,0.011643560176105416
EXT_SOURCE_3,0.006126178021344586
CREDIT_GOODS_RATIO,0.006049353148291026
CODE_GENDER,0.004676589820062871
EXT_SOURCE_1,0.004164242555791242
NAME_EDUCATION_TYPE,0.003951220751208173
OWN_CAR_AGE,0.002802173493843996
DAYS_EMPLOYED,0.0023207712040811622
AMT_ANNUITY,0.002249921155613199
DAYS_BIRTH,0.0016053475891248947
AMT_GOODS_PRICE,0.00158644488568076
EXT_SOURCE_MIN,0.001165567440725468
DOCUMENT_COUNT,0.000990279795420812
AGE_YEARS,0.0008931180045309795
