order_id,customer_name,region,category,sales,quantity,order_date
1,Customer_103,West,Home,14.3,9,2025-01-01 00:00:00
2,Customer_349,North,Home,565.31,5,2025-01-01 01:00:00
3,Customer_271,West,Books,141.42,9,2025-01-01 02:00:00
4,Customer_107,South,Home,105.33,7,2025-01-01 03:00:00
5,Customer_72,North,Clothing,333.07,7,2025-01-01 04:00:00
6,Customer_189,East,Clothing,361.37,6,2025-01-01 05:00:00
7,Customer_21,West,Electronics,80.75,2,2025-01-01 06:00:00
8,Customer_103,West,Clothing,236.58,9,2025-01-01 07:00:00
9,Customer_122,North,Home,294.91,6,2025-01-01 08:00:00
10,Customer_215,South,Clothing,212.64,8,2025-01-01 09:00:00
11,Customer_331,North,Books,32.88,1,2025-01-01 10:00:00
12,Customer_88,South,Electronics,417.31,5,2025-01-01 11:00:00
13,Customer_373,South,Home,154.91,1,2025-01-01 12:00:00
14,Customer_100,West,Electronics,66.39,8,2025-01-01 13:00:00
15,Customer_360,North,Home,110.76,8,2025-01-01 14:00:00
16,Customer_152,North,Books,7.66,1,2025-01-01 15:00:00
17,Customer_131,South,Electronics,27.36,9,2025-01-01 16:00:00
18,Customer_150,North,Toys,290.1,2,2025-01-01 17:00:00
19,Customer_309,East,Home,0.0,9,2025-01-01 18:00:00
20,Customer_258,East,Toys,107.76,1,2025-01-01 19:00:00
21,Customer_344,North,Electronics,147.84,9,2025-01-01 20:00:00
22,Customer_294,North,Toys,11.24,4,2025-01-01 21:00:00
23,Customer_386,South,Toys,722.96,9,2025-01-01 22:00:00
24,Customer_192,East,Electronics,51.27,7,2025-01-01 23:00:00
25,Customer_277,East,Books,72.54,6,2025-01-02 00:00:00
26,Customer_161,West,Toys,72.46,5,2025-01-02 01:00:00
27,Customer_314,South,Toys,52.38,9,2025-01-02 02:00:00
28,Customer_22,West,Books,0.29,2,2025-01-02 03:00:00
29,Customer_253,East,Toys,261.38,2,2025-01-02 04:00:00
30,Customer_236,South,Toys,681.32,9,2025-01-02 05:00:00
31,Customer_345,North,Toys,50.8,3,2025-01-02 06:00:00
32,Customer_49,South,Clothing,217.56,8,2025-01-02 07:00:00
33,Customer_59,North,Books,270.88,9,2025-01-02 08:00:00
34,Customer_170,North,Toys,377.34,8,2025-01-02 09:00:00
35,Customer_188,South,Books,109.85,4,2025-01-02 10:00:00
36,Customer_271,North,Home,72.17,1,2025-01-02 11:00:00
37,Customer_190,West,Home,78.7,4,2025-01-02 12:00:00
38,Customer_175,East,Toys,249.39,9,2025-01-02 13:00:00
39,Customer_51,North,Books,339.41,2,2025-01-02 14:00:00
40,Customer_364,West,Books,40.08,3,2025-01-02 15:00:00
41,Customer_55,North,Books,92.71,8,2025-01-02 16:00:00
42,Customer_244,East,Clothing,464.44,6,2025-01-02 17:00:00
43,Customer_320,West,Home,328.7,8,2025-01-02 18:00:00
44,Customer_131,East,Books,838.06,7,2025-01-02 19:00:00
45,Customer_307,East,Books,280.69,5,2025-01-02 20:00:00
46,Customer_135,West,Clothing,99.91,9,2025-01-02 21:00:00
47,Customer_21,West,Clothing,178.63,4,2025-01-02 22:00:00
48,Customer_329,West,Books,216.36,6,2025-01-02 23:00:00
49,Customer_167,South,Electronics,16.34,2,2025-01-03 00:00:00
50,Customer_274,West,Books,157.27,2,2025-01-03 01:00:00
51,Customer_388,West,Books,247.11,2,2025-01-03 02:00:00
52,Customer_89,West,Clothing,36.62,7,2025-01-03 03:00:00
53,Customer_316,West,Clothing,303.4,2,2025-01-03 04:00:00
54,Customer_14,North,Books,175.3,2,2025-01-03 05:00:00
55,Customer_242,South,Books,608.24,9,2025-01-03 06:00:00
56,Customer_265,East,Books,8.67,7,2025-01-03 07:00:00
57,Customer_346,West,Clothing,61.67,3,2025-01-03 08:00:00
58,Customer_53,North,Books,184.04,3,2025-01-03 09:00:00
59,Customer_386,North,Books,70.35,7,2025-01-03 10:00:00
60,Customer_340,North,Toys,250.65,5,2025-01-03 11:00:00
61,Customer_92,East,Electronics,284.6,6,2025-01-03 12:00:00
62,Customer_367,West,Home,21.63,8,2025-01-03 13:00:00
63,Customer_264,South,Electronics,144.25,9,2025-01-03 14:00:00
64,Customer_35,South,Toys,142.22,1,2025-01-03 15:00:00
65,Customer_206,North,Home,92.18,3,2025-01-03 16:00:00
66,Customer_81,East,Books,540.39,7,2025-01-03 17:00:00
67,Customer_50,East,Toys,351.48,6,2025-01-03 18:00:00
68,Customer_360,East,Books,238.94,7,2025-01-03 19:00:00
69,Customer_388,South,Clothing,250.58,8,2025-01-03 20:00:00
70,Customer_2,North,Toys,123.87,6,2025-01-03 21:00:00
71,Customer_390,West,Clothing,507.65,3,2025-01-03 22:00:00
72,Customer_54,South,Toys,237.22,2,2025-01-03 23:00:00
73,Customer_106,North,Toys,261.11,7,2025-01-04 00:00:00
74,Customer_260,North,Clothing,395.65,1,2025-01-04 01:00:00
75,Customer_310,West,Home,64.06,3,2025-01-04 02:00:00
76,Customer_191,West,Electronics,329.09,4,2025-01-04 03:00:00
77,Customer_218,West,Books,43.44,1,2025-01-04 04:00:00
78,Customer_44,East,Toys,84.73,5,2025-01-04 05:00:00
79,Customer_162,West,Books,81.78,3,2025-01-04 06:00:00
80,Customer_202,North,Clothing,768.18,2,2025-01-04 07:00:00
81,Customer_270,West,Books,388.34,3,2025-01-04 08:00:00
82,Customer_351,North,Clothing,241.58,8,2025-01-04 09:00:00
83,Customer_304,South,Books,259.7,6,2025-01-04 10:00:00
84,Customer_271,East,Electronics,165.14,7,2025-01-04 11:00:00
85,Customer_215,South,Electronics,587.84,6,2025-01-04 12:00:00
86,Customer_252,South,Electronics,137.14,6,2025-01-04 13:00:00
87,Customer_190,North,Electronics,95.77,3,2025-01-04 14:00:00
88,Customer_296,South,Electronics,35.59,8,2025-01-04 15:00:00
89,Customer_213,North,Electronics,308.55,7,2025-01-04 16:00:00
90,Customer_208,West,Clothing,265.19,7,2025-01-04 17:00:00
91,Customer_237,West,Toys,97.02,6,2025-01-04 18:00:00
92,Customer_338,North,Books,5.1,5,2025-01-04 19:00:00
93,Customer_367,West,Electronics,365.27,8,2025-01-04 20:00:00
94,Customer_53,East,Clothing,2.3,5,2025-01-04 21:00:00
95,Customer_280,South,Clothing,243.28,9,2025-01-04 22:00:00
96,Customer_217,East,Clothing,703.03,9,2025-01-04 23:00:00
97,Customer_252,South,Toys,115.13,1,2025-01-05 00:00:00
98,Customer_188,West,Books,53.57,6,2025-01-05 01:00:00
99,Customer_380,East,Toys,244.07,7,2025-01-05 02:00:00
100,Customer_41,West,Home,339.79,3,2025-01-05 03:00:00
101,Customer_157,South,Clothing,158.12,7,2025-01-05 04:00:00
102,Customer_15,North,Home,682.46,7,2025-01-05 05:00:00
103,Customer_301,North,Electronics,10.61,2,2025-01-05 06:00:00
104,Customer_65,East,Electronics,140.56,7,2025-01-05 07:00:00
105,Customer_345,West,Toys,253.49,1,2025-01-05 08:00:00
106,Customer_327,West,Books,397.03,5,2025-01-05 09:00:00
107,Customer_9,East,Home,39.51,9,2025-01-05 10:00:00
108,Customer_344,North,Books,321.89,7,2025-01-05 11:00:00
109,Customer_129,South,Toys,160.91,7,2025-01-05 12:00:00
110,Customer_136,East,Electronics,101.02,2,2025-01-05 13:00:00
111,Customer_63,South,Books,28.25,8,2025-01-05 14:00:00
112,Customer_139,North,Books,400.93,3,2025-01-05 15:00:00
113,Customer_81,West,Electronics,34.22,8,2025-01-05 16:00:00
114,Customer_392,North,Home,74.15,3,2025-01-05 17:00:00
115,Customer_163,East,Electronics,68.51,7,2025-01-05 18:00:00
116,Customer_289,West,Books,410.23,2,2025-01-05 19:00:00
117,Customer_379,East,Home,223.38,4,2025-01-05 20:00:00
118,Customer_261,East,Home,318.6,6,2025-01-05 21:00:00
119,Customer_231,North,Electronics,57.66,9,2025-01-05 22:00:00
120,Customer_41,East,Books,196.1,5,2025-01-05 23:00:00
121,Customer_28,North,Toys,169.61,9,2025-01-06 00:00:00
122,Customer_135,West,Books,357.75,5,2025-01-06 01:00:00
123,Customer_201,North,Clothing,473.08,8,2025-01-06 02:00:00
124,Customer_328,West,Toys,2.45,1,2025-01-06 03:00:00
125,Customer_268,North,Home,224.18,7,2025-01-06 04:00:00
126,Customer_33,South,Toys,10.65,4,2025-01-06 05:00:00
127,Customer_48,South,Home,159.19,5,2025-01-06 06:00:00
128,Customer_62,East,Home,67.83,6,2025-01-06 07:00:00
129,Customer_216,North,Toys,73.28,5,2025-01-06 08:00:00
130,Customer_293,North,Home,87.07,1,2025-01-06 09:00:00
131,Customer_99,West,Home,194.2,9,2025-01-06 10:00:00
132,Customer_172,East,Clothing,81.31,2,2025-01-06 11:00:00
133,Customer_360,North,Books,263.88,9,2025-01-06 12:00:00
134,Customer_214,East,Books,103.68,2,2025-01-06 13:00:00
135,Customer_35,South,Clothing,14.16,9,2025-01-06 14:00:00
136,Customer_227,North,Toys,306.27,6,2025-01-06 15:00:00
137,Customer_101,North,Electronics,67.31,9,2025-01-06 16:00:00
138,Customer_131,East,Electronics,113.4,6,2025-01-06 17:00:00
139,Customer_257,North,Electronics,231.32,6,2025-01-06 18:00:00
140,Customer_5,East,Clothing,80.83,2,2025-01-06 19:00:00
141,Customer_218,North,Clothing,11.65,8,2025-01-06 20:00:00
142,Customer_255,West,Home,93.66,3,2025-01-06 21:00:00
143,Customer_398,East,Electronics,578.09,7,2025-01-06 22:00:00
144,Customer_359,North,Toys,205.3,5,2025-01-06 23:00:00
145,Customer_283,South,Toys,222.63,3,2025-01-07 00:00:00
146,Customer_393,North,Electronics,200.09,1,2025-01-07 01:00:00
147,Customer_207,South,Electronics,44.38,8,2025-01-07 02:00:00
148,Customer_15,South,Electronics,108.37,3,2025-01-07 03:00:00
149,Customer_346,West,Clothing,278.01,2,2025-01-07 04:00:00
150,Customer_42,East,Clothing,21.38,1,2025-01-07 05:00:00
151,Customer_380,North,Clothing,65.11,4,2025-01-07 06:00:00
152,Customer_179,West,Books,64.68,8,2025-01-07 07:00:00
153,Customer_63,North,Toys,113.13,3,2025-01-07 08:00:00
154,Customer_352,South,Toys,786.13,1,2025-01-07 09:00:00
155,Customer_231,East,Home,13.98,4,2025-01-07 10:00:00
156,Customer_241,North,Clothing,146.25,9,2025-01-07 11:00:00
157,Customer_52,North,Books,39.54,1,2025-01-07 12:00:00
158,Customer_96,South,Books,705.87,2,2025-01-07 13:00:00
159,Customer_388,North,Toys,24.05,9,2025-01-07 14:00:00
160,Customer_222,North,Clothing,103.37,2,2025-01-07 15:00:00
161,Customer_231,South,Home,267.79,3,2025-01-07 16:00:00
162,Customer_237,West,Clothing,243.85,7,2025-01-07 17:00:00
163,Customer_143,South,Electronics,109.89,3,2025-01-07 18:00:00
164,Customer_171,West,Clothing,85.09,9,2025-01-07 19:00:00
165,Customer_29,East,Electronics,101.37,6,2025-01-07 20:00:00
166,Customer_36,West,Electronics,61.38,3,2025-01-07 21:00:00
167,Customer_13,West,Home,45.97,9,2025-01-07 22:00:00
168,Customer_160,East,Toys,131.96,1,2025-01-07 23:00:00
169,Customer_327,West,Clothing,62.54,3,2025-01-08 00:00:00
170,Customer_187,South,Electronics,67.78,1,2025-01-08 01:00:00
171,Customer_243,West,Clothing,213.86,2,2025-01-08 02:00:00
172,Customer_86,East,Toys,691.79,8,2025-01-08 03:00:00
173,Customer_284,South,Toys,185.09,7,2025-01-08 04:00:00
174,Customer_66,East,Books,16.02,2,2025-01-08 05:00:00
175,Customer_170,East,Toys,15.72,2,2025-01-08 06:00:00
176,Customer_45,North,Home,604.92,9,2025-01-08 07:00:00
177,Customer_62,North,Electronics,70.56,6,2025-01-08 08:00:00
178,Customer_134,East,Books,19.32,5,2025-01-08 09:00:00
179,Customer_284,East,Home,182.78,6,2025-01-08 10:00:00
180,Customer_28,East,Clothing,195.45,9,2025-01-08 11:00:00
181,Customer_108,North,Electronics,209.11,7,2025-01-08 12:00:00
182,Customer_44,North,Toys,62.23,9,2025-01-08 13:00:00
183,Customer_340,West,Electronics,3.05,4,2025-01-08 14:00:00
184,Customer_286,West,Clothing,670.57,2,2025-01-08 15:00:00
185,Customer_331,East,Books,57.77,8,2025-01-08 16:00:00
186,Customer_128,South,Books,225.42,4,2025-01-08 17:00:00
187,Customer_348,South,Books,245.26,9,2025-01-08 18:00:00
188,Customer_231,North,Toys,188.33,4,2025-01-08 19:00:00
189,Customer_190,North,Home,75.06,8,2025-01-08 20:00:00
190,Customer_225,North,Home,63.24,9,2025-01-08 21:00:00
191,Customer_385,East,Electronics,182.1,9,2025-01-08 22:00:00
192,Customer_377,South,Toys,402.13,4,2025-01-08 23:00:00
193,Customer_283,West,Books,586.49,1,2025-01-09 00:00:00
194,Customer_121,East,Books,22.39,3,2025-01-09 01:00:00
195,Customer_116,West,Clothing,33.64,9,2025-01-09 02:00:00
196,Customer_233,West,Clothing,579.13,4,2025-01-09 03:00:00
197,Customer_259,East,Books,266.77,5,2025-01-09 04:00:00
198,Customer_359,West,Books,429.11,7,2025-01-09 05:00:00
199,Customer_198,South,Toys,45.29,5,2025-01-09 06:00:00
200,Customer_137,West,Home,177.15,4,2025-01-09 07:00:00
201,Customer_318,South,Clothing,241.56,2,2025-01-09 08:00:00
202,Customer_165,South,Home,227.96,2,2025-01-09 09:00:00
203,Customer_225,South,Toys,104.9,4,2025-01-09 10:00:00
204,Customer_307,North,Books,3.1,9,2025-01-09 11:00:00
205,Customer_234,West,Home,174.9,8,2025-01-09 12:00:00
206,Customer_172,East,Books,58.37,3,2025-01-09 13:00:00
207,Customer_152,East,Books,119.66,9,2025-01-09 14:00:00
208,Customer_315,West,Electronics,632.03,5,2025-01-09 15:00:00
209,Customer_374,North,Home,101.84,3,2025-01-09 16:00:00
210,Customer_160,North,Home,366.27,5,2025-01-09 17:00:00
211,Customer_96,South,Books,41.78,4,2025-01-09 18:00:00
212,Customer_233,West,Toys,223.23,8,2025-01-09 19:00:00
213,Customer_180,West,Electronics,754.51,5,2025-01-09 20:00:00
214,Customer_113,East,Books,21.49,8,2025-01-09 21:00:00
215,Customer_318,West,Clothing,1.67,9,2025-01-09 22:00:00
216,Customer_52,North,Clothing,113.68,4,2025-01-09 23:00:00
217,Customer_268,West,Electronics,19.44,7,2025-01-10 00:00:00
218,Customer_295,East,Toys,275.97,2,2025-01-10 01:00:00
219,Customer_386,South,Books,491.96,6,2025-01-10 02:00:00
220,Customer_387,East,Home,113.84,8,2025-01-10 03:00:00
221,Customer_113,East,Electronics,59.87,7,2025-01-10 04:00:00
222,Customer_101,South,Toys,113.97,7,2025-01-10 05:00:00
223,Customer_113,East,Home,257.07,8,2025-01-10 06:00:00
224,Customer_81,East,Clothing,1.82,7,2025-01-10 07:00:00
225,Customer_187,West,Clothing,178.05,5,2025-01-10 08:00:00
226,Customer_113,West,Home,190.02,7,2025-01-10 09:00:00
227,Customer_2,South,Electronics,203.05,3,2025-01-10 10:00:00
228,Customer_130,West,Clothing,55.42,5,2025-01-10 11:00:00
229,Customer_220,West,Books,250.39,7,2025-01-10 12:00:00
230,Customer_54,East,Home,19.17,9,2025-01-10 13:00:00
231,Customer_343,North,Home,44.45,2,2025-01-10 14:00:00
232,Customer_224,West,Clothing,419.88,4,2025-01-10 15:00:00
233,Customer_225,North,Electronics,268.43,7,2025-01-10 16:00:00
234,Customer_385,West,Books,2.77,1,2025-01-10 17:00:00
235,Customer_126,West,Electronics,57.1,2,2025-01-10 18:00:00
236,Customer_130,South,Toys,48.26,9,2025-01-10 19:00:00
237,Customer_53,South,Toys,63.16,7,2025-01-10 20:00:00
238,Customer_172,South,Clothing,56.89,7,2025-01-10 21:00:00
239,Customer_218,North,Clothing,12.91,6,2025-01-10 22:00:00
240,Customer_160,East,Clothing,122.85,3,2025-01-10 23:00:00
241,Customer_198,West,Toys,263.9,3,2025-01-11 00:00:00
242,Customer_247,West,Electronics,186.65,2,2025-01-11 01:00:00
243,Customer_324,West,Electronics,223.48,6,2025-01-11 02:00:00
244,Customer_203,North,Clothing,16.93,4,2025-01-11 03:00:00
245,Customer_184,South,Books,605.2,5,2025-01-11 04:00:00
246,Customer_123,East,Electronics,364.64,3,2025-01-11 05:00:00
247,Customer_255,North,Toys,327.04,6,2025-01-11 06:00:00
248,Customer_294,South,Home,346.3,3,2025-01-11 07:00:00
249,Customer_280,North,Home,539.75,8,2025-01-11 08:00:00
250,Customer_325,East,Home,157.16,9,2025-01-11 09:00:00
251,Customer_372,South,Books,44.7,4,2025-01-11 10:00:00
252,Customer_98,North,Clothing,191.83,9,2025-01-11 11:00:00
253,Customer_198,East,Toys,271.64,7,2025-01-11 12:00:00
254,Customer_395,West,Books,267.82,3,2025-01-11 13:00:00
255,Customer_240,East,Toys,147.4,7,2025-01-11 14:00:00
256,Customer_144,West,Toys,14.18,1,2025-01-11 15:00:00
257,Customer_97,North,Clothing,92.76,3,2025-01-11 16:00:00
258,Customer_201,South,Home,507.07,6,2025-01-11 17:00:00
259,Customer_124,South,Clothing,175.63,4,2025-01-11 18:00:00
260,Customer_187,North,Books,154.58,7,2025-01-11 19:00:00
261,Customer_326,South,Books,62.63,3,2025-01-11 20:00:00
262,Customer_349,South,Books,91.92,1,2025-01-11 21:00:00
263,Customer_259,West,Clothing,451.42,9,2025-01-11 22:00:00
264,Customer_148,North,Toys,219.6,6,2025-01-11 23:00:00
265,Customer_252,East,Toys,309.66,8,2025-01-12 00:00:00
266,Customer_346,West,Electronics,121.15,3,2025-01-12 01:00:00
267,Customer_147,North,Books,198.98,8,2025-01-12 02:00:00
268,Customer_148,West,Toys,57.11,2,2025-01-12 03:00:00
269,Customer_352,East,Electronics,244.47,4,2025-01-12 04:00:00
270,Customer_199,East,Toys,111.58,3,2025-01-12 05:00:00
271,Customer_308,North,Books,116.87,1,2025-01-12 06:00:00
272,Customer_128,East,Home,209.58,7,2025-01-12 07:00:00
273,Customer_39,West,Books,550.65,2,2025-01-12 08:00:00
274,Customer_338,East,Clothing,13.23,4,2025-01-12 09:00:00
275,Customer_360,West,Toys,348.3,9,2025-01-12 10:00:00
276,Customer_129,West,Toys,69.17,6,2025-01-12 11:00:00
277,Customer_267,East,Clothing,117.37,8,2025-01-12 12:00:00
278,Customer_151,North,Clothing,4.43,2,2025-01-12 13:00:00
279,Customer_298,South,Home,71.63,7,2025-01-12 14:00:00
280,Customer_99,East,Toys,139.68,6,2025-01-12 15:00:00
281,Customer_263,West,Toys,11.56,9,2025-01-12 16:00:00
282,Customer_252,West,Home,135.1,7,2025-01-12 17:00:00
283,Customer_144,East,Electronics,523.76,1,2025-01-12 18:00:00
284,Customer_346,North,Home,22.27,8,2025-01-12 19:00:00
285,Customer_112,North,Books,289.16,3,2025-01-12 20:00:00
286,Customer_60,West,Toys,105.42,2,2025-01-12 21:00:00
287,Customer_369,West,Clothing,212.94,3,2025-01-12 22:00:00
288,Customer_2,North,Books,60.28,6,2025-01-12 23:00:00
289,Customer_385,South,Toys,34.75,3,2025-01-13 00:00:00
290,Customer_304,East,Home,34.98,5,2025-01-13 01:00:00
291,Customer_254,West,Books,14.62,6,2025-01-13 02:00:00
292,Customer_140,West,Toys,41.07,8,2025-01-13 03:00:00
293,Customer_37,North,Electronics,218.26,7,2025-01-13 04:00:00
294,Customer_160,East,Electronics,426.89,8,2025-01-13 05:00:00
295,Customer_9,North,Clothing,336.54,3,2025-01-13 06:00:00
296,Customer_233,East,Toys,231.12,4,2025-01-13 07:00:00
297,Customer_99,East,Electronics,23.4,6,2025-01-13 08:00:00
298,Customer_147,East,Home,68.27,7,2025-01-13 09:00:00
299,Customer_304,West,Toys,74.16,9,2025-01-13 10:00:00
300,Customer_208,South,Home,57.52,1,2025-01-13 11:00:00
301,Customer_131,North,Home,144.72,8,2025-01-13 12:00:00
302,Customer_152,South,Electronics,153.38,8,2025-01-13 13:00:00
303,Customer_54,North,Toys,88.29,6,2025-01-13 14:00:00
304,Customer_120,East,Books,87.33,4,2025-01-13 15:00:00
305,Customer_161,West,Electronics,352.7,3,2025-01-13 16:00:00
306,Customer_116,South,Electronics,311.46,3,2025-01-13 17:00:00
307,Customer_75,West,Toys,73.57,6,2025-01-13 18:00:00
308,Customer_113,North,Toys,490.19,8,2025-01-13 19:00:00
309,Customer_104,West,Home,610.74,7,2025-01-13 20:00:00
310,Customer_340,West,Toys,79.13,1,2025-01-13 21:00:00
311,Customer_254,South,Home,87.52,6,2025-01-13 22:00:00
312,Customer_227,East,Electronics,140.9,7,2025-01-13 23:00:00
313,Customer_112,West,Clothing,566.45,7,2025-01-14 00:00:00
314,Customer_99,East,Books,418.01,9,2025-01-14 01:00:00
315,Customer_153,North,Electronics,21.64,5,2025-01-14 02:00:00
316,Customer_349,West,Toys,99.76,1,2025-01-14 03:00:00
317,Customer_384,South,Books,161.21,2,2025-01-14 04:00:00
318,Customer_366,North,Clothing,139.89,4,2025-01-14 05:00:00
319,Customer_338,North,Clothing,43.1,5,2025-01-14 06:00:00
320,Customer_194,South,Home,391.54,9,2025-01-14 07:00:00
321,Customer_310,West,Books,225.98,1,2025-01-14 08:00:00
322,Customer_163,West,Home,363.92,3,2025-01-14 09:00:00
323,Customer_208,North,Electronics,391.47,5,2025-01-14 10:00:00
324,Customer_169,West,Books,275.95,3,2025-01-14 11:00:00
325,Customer_161,East,Electronics,115.68,4,2025-01-14 12:00:00
326,Customer_68,South,Home,188.6,3,2025-01-14 13:00:00
327,Customer_289,East,Books,34.96,4,2025-01-14 14:00:00
328,Customer_398,West,Home,223.95,1,2025-01-14 15:00:00
329,Customer_277,North,Books,39.51,8,2025-01-14 16:00:00
330,Customer_304,South,Home,236.8,4,2025-01-14 17:00:00
331,Customer_384,West,Clothing,52.17,7,2025-01-14 18:00:00
332,Customer_392,West,Home,25.01,2,2025-01-14 19:00:00
333,Customer_135,North,Clothing,36.13,2,2025-01-14 20:00:00
334,Customer_195,North,Home,0.4,6,2025-01-14 21:00:00
335,Customer_128,East,Books,253.69,2,2025-01-14 22:00:00
336,Customer_33,South,Books,263.65,6,2025-01-14 23:00:00
337,Customer_176,South,Books,144.69,2,2025-01-15 00:00:00
338,Customer_371,North,Toys,35.2,4,2025-01-15 01:00:00
339,Customer_375,East,Electronics,17.45,7,2025-01-15 02:00:00
340,Customer_22,South,Books,3.86,8,2025-01-15 03:00:00
341,Customer_238,North,Clothing,36.24,3,2025-01-15 04:00:00
342,Customer_158,West,Books,443.02,9,2025-01-15 05:00:00
343,Customer_38,South,Toys,55.29,2,2025-01-15 06:00:00
344,Customer_230,East,Clothing,87.48,8,2025-01-15 07:00:00
345,Customer_365,East,Toys,22.26,8,2025-01-15 08:00:00
346,Customer_51,East,Clothing,50.3,4,2025-01-15 09:00:00
347,Customer_264,West,Home,146.47,1,2025-01-15 10:00:00
348,Customer_283,South,Electronics,187.17,1,2025-01-15 11:00:00
349,Customer_27,South,Electronics,56.3,2,2025-01-15 12:00:00
350,Customer_226,West,Toys,11.89,9,2025-01-15 13:00:00
351,Customer_277,South,Electronics,99.2,2,2025-01-15 14:00:00
352,Customer_286,West,Toys,53.37,2,2025-01-15 15:00:00
353,Customer_97,West,Toys,49.58,6,2025-01-15 16:00:00
354,Customer_284,West,Toys,643.09,7,2025-01-15 17:00:00
355,Customer_367,East,Electronics,191.58,7,2025-01-15 18:00:00
356,Customer_317,South,Toys,162.78,9,2025-01-15 19:00:00
357,Customer_304,West,Electronics,107.49,6,2025-01-15 20:00:00
358,Customer_147,South,Toys,112.05,8,2025-01-15 21:00:00
359,Customer_4,East,Books,155.7,6,2025-01-15 22:00:00
360,Customer_35,West,Toys,238.43,2,2025-01-15 23:00:00
361,Customer_192,North,Clothing,242.23,1,2025-01-16 00:00:00
362,Customer_49,East,Toys,37.67,5,2025-01-16 01:00:00
363,Customer_17,North,Home,138.67,9,2025-01-16 02:00:00
364,Customer_172,South,Toys,106.19,8,2025-01-16 03:00:00
365,Customer_220,South,Clothing,408.86,4,2025-01-16 04:00:00
366,Customer_158,East,Clothing,199.62,5,2025-01-16 05:00:00
367,Customer_46,South,Electronics,152.07,5,2025-01-16 06:00:00
368,Customer_373,North,Books,24.52,6,2025-01-16 07:00:00
369,Customer_6,West,Toys,186.1,3,2025-01-16 08:00:00
370,Customer_99,West,Electronics,24.93,5,2025-01-16 09:00:00
371,Customer_380,West,Books,82.26,2,2025-01-16 10:00:00
372,Customer_233,East,Toys,30.83,1,2025-01-16 11:00:00
373,Customer_37,South,Home,235.58,1,2025-01-16 12:00:00
374,Customer_280,North,Toys,46.2,7,2025-01-16 13:00:00
375,Customer_349,South,Clothing,99.47,2,2025-01-16 14:00:00
376,Customer_302,South,Clothing,452.05,4,2025-01-16 15:00:00
377,Customer_181,South,Home,45.71,5,2025-01-16 16:00:00
378,Customer_95,West,Electronics,141.78,7,2025-01-16 17:00:00
379,Customer_99,North,Books,108.69,2,2025-01-16 18:00:00
380,Customer_188,North,Toys,3.66,6,2025-01-16 19:00:00
381,Customer_116,South,Clothing,314.77,1,2025-01-16 20:00:00
382,Customer_191,West,Electronics,14.31,7,2025-01-16 21:00:00
383,Customer_253,West,Home,128.59,9,2025-01-16 22:00:00
384,Customer_161,North,Clothing,164.5,5,2025-01-16 23:00:00
385,Customer_256,West,Home,198.0,5,2025-01-17 00:00:00
386,Customer_323,West,Toys,233.36,4,2025-01-17 01:00:00
387,Customer_128,West,Books,58.41,3,2025-01-17 02:00:00
388,Customer_18,East,Clothing,2.01,9,2025-01-17 03:00:00
389,Customer_281,South,Clothing,257.07,5,2025-01-17 04:00:00
390,Customer_223,North,Toys,153.43,8,2025-01-17 05:00:00
391,Customer_54,North,Electronics,361.72,9,2025-01-17 06:00:00
392,Customer_58,East,Books,344.51,5,2025-01-17 07:00:00
393,Customer_323,South,Clothing,370.72,9,2025-01-17 08:00:00
394,Customer_360,North,Books,132.75,2,2025-01-17 09:00:00
395,Customer_174,West,Clothing,81.18,9,2025-01-17 10:00:00
396,Customer_280,North,Books,313.62,4,2025-01-17 11:00:00
397,Customer_114,West,Home,120.04,6,2025-01-17 12:00:00
398,Customer_288,East,Clothing,40.53,6,2025-01-17 13:00:00
399,Customer_342,West,Books,386.17,6,2025-01-17 14:00:00
400,Customer_151,North,Electronics,428.37,2,2025-01-17 15:00:00
401,Customer_127,North,Home,125.59,7,2025-01-17 16:00:00
402,Customer_155,North,Home,15.74,6,2025-01-17 17:00:00
403,Customer_386,East,Electronics,98.15,1,2025-01-17 18:00:00
404,Customer_273,East,Books,325.46,2,2025-01-17 19:00:00
405,Customer_104,South,Toys,464.1,7,2025-01-17 20:00:00
406,Customer_393,North,Electronics,45.5,1,2025-01-17 21:00:00
407,Customer_299,West,Books,13.86,1,2025-01-17 22:00:00
408,Customer_246,East,Electronics,419.68,1,2025-01-17 23:00:00
409,Customer_176,North,Electronics,98.66,8,2025-01-18 00:00:00
410,Customer_39,North,Clothing,156.07,4,2025-01-18 01:00:00
411,Customer_170,East,Books,688.82,4,2025-01-18 02:00:00
412,Customer_247,South,Toys,13.78,2,2025-01-18 03:00:00
413,Customer_26,East,Clothing,209.01,1,2025-01-18 04:00:00
414,Customer_355,East,Electronics,15.4,9,2025-01-18 05:00:00
415,Customer_306,West,Electronics,94.15,7,2025-01-18 06:00:00
416,Customer_13,West,Electronics,325.74,4,2025-01-18 07:00:00
417,Customer_316,South,Books,113.65,6,2025-01-18 08:00:00
418,Customer_391,North,Books,1174.37,2,2025-01-18 09:00:00
419,Customer_313,East,Clothing,163.77,7,2025-01-18 10:00:00
420,Customer_36,South,Toys,77.47,2,2025-01-18 11:00:00
421,Customer_173,West,Clothing,49.72,8,2025-01-18 12:00:00
422,Customer_20,East,Home,86.32,8,2025-01-18 13:00:00
423,Customer_321,North,Electronics,93.21,1,2025-01-18 14:00:00
424,Customer_264,West,Electronics,14.24,8,2025-01-18 15:00:00
425,Customer_142,West,Electronics,92.27,2,2025-01-18 16:00:00
426,Customer_371,West,Clothing,124.81,6,2025-01-18 17:00:00
427,Customer_143,South,Clothing,256.56,1,2025-01-18 18:00:00
428,Customer_92,North,Electronics,213.85,5,2025-01-18 19:00:00
429,Customer_354,East,Clothing,246.73,7,2025-01-18 20:00:00
430,Customer_322,South,Books,1.68,1,2025-01-18 21:00:00
431,Customer_288,South,Books,49.1,2,2025-01-18 22:00:00
432,Customer_215,South,Clothing,216.76,7,2025-01-18 23:00:00
433,Customer_342,West,Electronics,132.33,6,2025-01-19 00:00:00
434,Customer_51,North,Clothing,1.07,3,2025-01-19 01:00:00
435,Customer_153,South,Clothing,326.43,2,2025-01-19 02:00:00
436,Customer_186,East,Clothing,296.39,4,2025-01-19 03:00:00
437,Customer_63,North,Home,159.0,3,2025-01-19 04:00:00
438,Customer_190,East,Books,13.76,7,2025-01-19 05:00:00
439,Customer_125,North,Toys,290.93,8,2025-01-19 06:00:00
440,Customer_150,East,Toys,175.28,2,2025-01-19 07:00:00
441,Customer_314,West,Home,304.62,7,2025-01-19 08:00:00
442,Customer_58,South,Clothing,278.66,8,2025-01-19 09:00:00
443,Customer_342,East,Home,324.91,6,2025-01-19 10:00:00
444,Customer_305,North,Home,145.97,6,2025-01-19 11:00:00
445,Customer_180,South,Electronics,30.24,1,2025-01-19 12:00:00
446,Customer_170,South,Books,222.44,4,2025-01-19 13:00:00
447,Customer_326,North,Toys,193.77,1,2025-01-19 14:00:00
448,Customer_271,East,Clothing,271.16,4,2025-01-19 15:00:00
449,Customer_54,West,Toys,37.24,2,2025-01-19 16:00:00
450,Customer_101,West,Toys,43.38,5,2025-01-19 17:00:00
451,Customer_264,East,Books,442.2,9,2025-01-19 18:00:00
452,Customer_53,South,Toys,277.24,3,2025-01-19 19:00:00
453,Customer_60,South,Toys,477.69,8,2025-01-19 20:00:00
454,Customer_108,South,Home,284.36,3,2025-01-19 21:00:00
455,Customer_5,South,Books,181.84,6,2025-01-19 22:00:00
456,Customer_103,East,Electronics,212.34,4,2025-01-19 23:00:00
457,Customer_196,South,Clothing,439.88,8,2025-01-20 00:00:00
458,Customer_262,North,Toys,172.93,6,2025-01-20 01:00:00
459,Customer_365,South,Clothing,200.15,8,2025-01-20 02:00:00
460,Customer_372,West,Electronics,34.03,1,2025-01-20 03:00:00
461,Customer_350,South,Clothing,128.46,6,2025-01-20 04:00:00
462,Customer_47,East,Electronics,252.04,1,2025-01-20 05:00:00
463,Customer_355,West,Home,63.2,1,2025-01-20 06:00:00
464,Customer_311,East,Toys,45.19,8,2025-01-20 07:00:00
465,Customer_308,East,Electronics,75.33,7,2025-01-20 08:00:00
466,Customer_144,West,Clothing,55.28,3,2025-01-20 09:00:00
467,Customer_269,East,Toys,48.39,6,2025-01-20 10:00:00
468,Customer_370,East,Home,110.63,9,2025-01-20 11:00:00
469,Customer_124,South,Toys,476.84,7,2025-01-20 12:00:00
470,Customer_106,North,Electronics,141.47,3,2025-01-20 13:00:00
471,Customer_158,East,Home,41.63,6,2025-01-20 14:00:00
472,Customer_147,East,Clothing,16.02,4,2025-01-20 15:00:00
473,Customer_145,East,Home,238.25,3,2025-01-20 16:00:00
474,Customer_120,South,Home,96.51,9,2025-01-20 17:00:00
475,Customer_319,North,Books,345.0,2,2025-01-20 18:00:00
476,Customer_275,West,Home,215.47,1,2025-01-20 19:00:00
477,Customer_92,South,Home,318.16,2,2025-01-20 20:00:00
478,Customer_58,South,Toys,63.48,7,2025-01-20 21:00:00
479,Customer_346,North,Clothing,235.76,1,2025-01-20 22:00:00
480,Customer_229,North,Toys,61.32,6,2025-01-20 23:00:00
481,Customer_117,South,Toys,559.6,7,2025-01-21 00:00:00
482,Customer_318,West,Electronics,202.33,9,2025-01-21 01:00:00
483,Customer_279,South,Toys,78.46,8,2025-01-21 02:00:00
484,Customer_127,North,Books,62.81,6,2025-01-21 03:00:00
485,Customer_393,West,Books,42.37,3,2025-01-21 04:00:00
486,Customer_396,North,Electronics,237.25,8,2025-01-21 05:00:00
487,Customer_129,West,Clothing,49.36,7,2025-01-21 06:00:00
488,Customer_58,East,Clothing,180.92,3,2025-01-21 07:00:00
489,Customer_122,North,Toys,61.48,9,2025-01-21 08:00:00
490,Customer_1,North,Toys,216.92,2,2025-01-21 09:00:00
491,Customer_239,South,Toys,337.41,3,2025-01-21 10:00:00
492,Customer_290,North,Clothing,301.04,2,2025-01-21 11:00:00
493,Customer_96,North,Home,286.13,1,2025-01-21 12:00:00
494,Customer_126,East,Books,41.58,4,2025-01-21 13:00:00
495,Customer_118,North,Home,18.51,5,2025-01-21 14:00:00
496,Customer_48,East,Home,240.1,6,2025-01-21 15:00:00
497,Customer_89,East,Clothing,91.88,5,2025-01-21 16:00:00
498,Customer_237,East,Home,113.25,1,2025-01-21 17:00:00
499,Customer_373,East,Electronics,6.33,3,2025-01-21 18:00:00
500,Customer_385,West,Toys,60.11,1,2025-01-21 19:00:00
501,Customer_272,South,Electronics,6.85,5,2025-01-21 20:00:00
502,Customer_189,West,Books,422.7,5,2025-01-21 21:00:00
503,Customer_192,North,Toys,55.78,6,2025-01-21 22:00:00
504,Customer_69,West,Home,162.99,8,2025-01-21 23:00:00
505,Customer_278,West,Books,7.95,1,2025-01-22 00:00:00
506,Customer_349,North,Toys,219.83,4,2025-01-22 01:00:00
507,Customer_247,North,Home,78.02,1,2025-01-22 02:00:00
508,Customer_76,North,Electronics,456.4,9,2025-01-22 03:00:00
509,Customer_154,West,Toys,438.06,7,2025-01-22 04:00:00
510,Customer_144,West,Home,78.69,7,2025-01-22 05:00:00
511,Customer_86,North,Electronics,462.45,5,2025-01-22 06:00:00
512,Customer_185,South,Books,1112.34,7,2025-01-22 07:00:00
513,Customer_285,South,Books,349.07,2,2025-01-22 08:00:00
514,Customer_220,East,Books,372.7,4,2025-01-22 09:00:00
515,Customer_69,North,Books,57.27,7,2025-01-22 10:00:00
516,Customer_47,East,Clothing,171.94,3,2025-01-22 11:00:00
517,Customer_94,South,Toys,13.92,2,2025-01-22 12:00:00
518,Customer_238,East,Toys,19.95,2,2025-01-22 13:00:00
519,Customer_204,North,Clothing,1361.15,1,2025-01-22 14:00:00
520,Customer_218,North,Home,79.09,5,2025-01-22 15:00:00
521,Customer_341,North,Home,275.81,6,2025-01-22 16:00:00
522,Customer_39,West,Books,328.67,6,2025-01-22 17:00:00
523,Customer_100,East,Electronics,390.42,9,2025-01-22 18:00:00
524,Customer_289,South,Home,1208.83,4,2025-01-22 19:00:00
525,Customer_254,South,Electronics,55.28,1,2025-01-22 20:00:00
526,Customer_222,South,Toys,8.24,6,2025-01-22 21:00:00
527,Customer_357,West,Electronics,105.93,5,2025-01-22 22:00:00
528,Customer_23,West,Toys,27.87,6,2025-01-22 23:00:00
529,Customer_250,North,Clothing,4.54,3,2025-01-23 00:00:00
530,Customer_10,South,Clothing,89.39,2,2025-01-23 01:00:00
531,Customer_246,West,Books,306.25,6,2025-01-23 02:00:00
532,Customer_325,North,Home,167.03,1,2025-01-23 03:00:00
533,Customer_100,South,Books,75.02,7,2025-01-23 04:00:00
534,Customer_290,East,Toys,212.46,7,2025-01-23 05:00:00
535,Customer_180,North,Books,52.8,7,2025-01-23 06:00:00
536,Customer_223,West,Electronics,2.9,1,2025-01-23 07:00:00
537,Customer_394,West,Toys,289.08,4,2025-01-23 08:00:00
538,Customer_250,North,Clothing,195.5,7,2025-01-23 09:00:00
539,Customer_147,North,Home,287.35,9,2025-01-23 10:00:00
540,Customer_96,West,Toys,7.94,5,2025-01-23 11:00:00
541,Customer_257,East,Toys,362.95,2,2025-01-23 12:00:00
542,Customer_325,South,Electronics,193.27,7,2025-01-23 13:00:00
543,Customer_4,East,Home,165.75,1,2025-01-23 14:00:00
544,Customer_16,North,Clothing,195.96,7,2025-01-23 15:00:00
545,Customer_280,East,Toys,399.66,6,2025-01-23 16:00:00
546,Customer_336,West,Toys,176.83,7,2025-01-23 17:00:00
547,Customer_247,North,Electronics,173.95,3,2025-01-23 18:00:00
548,Customer_258,South,Books,935.1,3,2025-01-23 19:00:00
549,Customer_384,West,Clothing,282.72,7,2025-01-23 20:00:00
550,Customer_160,West,Home,116.78,2,2025-01-23 21:00:00
551,Customer_340,South,Toys,245.79,1,2025-01-23 22:00:00
552,Customer_152,South,Toys,98.61,9,2025-01-23 23:00:00
553,Customer_396,East,Clothing,51.98,9,2025-01-24 00:00:00
554,Customer_178,North,Books,181.69,7,2025-01-24 01:00:00
555,Customer_163,South,Toys,526.72,7,2025-01-24 02:00:00
556,Customer_380,South,Clothing,529.41,3,2025-01-24 03:00:00
557,Customer_33,North,Electronics,83.68,2,2025-01-24 04:00:00
558,Customer_179,South,Books,150.02,7,2025-01-24 05:00:00
559,Customer_101,South,Home,47.56,9,2025-01-24 06:00:00
560,Customer_268,East,Toys,1086.65,1,2025-01-24 07:00:00
561,Customer_323,West,Clothing,793.91,4,2025-01-24 08:00:00
562,Customer_65,West,Electronics,209.68,6,2025-01-24 09:00:00
563,Customer_168,West,Home,326.35,7,2025-01-24 10:00:00
564,Customer_330,West,Clothing,251.12,7,2025-01-24 11:00:00
565,Customer_43,South,Clothing,179.87,2,2025-01-24 12:00:00
566,Customer_44,North,Home,10.96,4,2025-01-24 13:00:00
567,Customer_285,North,Electronics,121.31,5,2025-01-24 14:00:00
568,Customer_397,East,Electronics,224.65,1,2025-01-24 15:00:00
569,Customer_12,East,Books,226.35,1,2025-01-24 16:00:00
570,Customer_95,South,Toys,93.4,3,2025-01-24 17:00:00
571,Customer_302,North,Home,568.4,3,2025-01-24 18:00:00
572,Customer_386,North,Home,36.63,8,2025-01-24 19:00:00
573,Customer_253,West,Home,138.77,9,2025-01-24 20:00:00
574,Customer_242,South,Electronics,234.81,1,2025-01-24 21:00:00
575,Customer_35,South,Toys,238.89,2,2025-01-24 22:00:00
576,Customer_215,West,Books,209.19,2,2025-01-24 23:00:00
577,Customer_337,South,Clothing,64.4,4,2025-01-25 00:00:00
578,Customer_90,South,Clothing,33.97,2,2025-01-25 01:00:00
579,Customer_264,East,Home,202.09,7,2025-01-25 02:00:00
580,Customer_93,North,Toys,182.91,9,2025-01-25 03:00:00
581,Customer_90,South,Electronics,39.53,7,2025-01-25 04:00:00
582,Customer_115,East,Toys,244.25,6,2025-01-25 05:00:00
583,Customer_105,North,Toys,121.46,1,2025-01-25 06:00:00
584,Customer_391,West,Electronics,220.38,9,2025-01-25 07:00:00
585,Customer_196,East,Home,363.25,5,2025-01-25 08:00:00
586,Customer_314,East,Toys,37.2,5,2025-01-25 09:00:00
587,Customer_114,North,Clothing,3.87,6,2025-01-25 10:00:00
588,Customer_75,West,Electronics,302.01,9,2025-01-25 11:00:00
589,Customer_376,East,Books,188.17,8,2025-01-25 12:00:00
590,Customer_217,South,Home,240.55,8,2025-01-25 13:00:00
591,Customer_277,South,Electronics,364.22,8,2025-01-25 14:00:00
592,Customer_249,South,Books,324.72,1,2025-01-25 15:00:00
593,Customer_164,West,Books,648.43,1,2025-01-25 16:00:00
594,Customer_394,East,Toys,153.55,8,2025-01-25 17:00:00
595,Customer_357,South,Toys,134.08,5,2025-01-25 18:00:00
596,Customer_192,West,Toys,102.8,9,2025-01-25 19:00:00
597,Customer_227,South,Electronics,33.37,2,2025-01-25 20:00:00
598,Customer_177,North,Electronics,170.01,9,2025-01-25 21:00:00
599,Customer_99,East,Home,64.87,8,2025-01-25 22:00:00
600,Customer_36,East,Toys,508.44,9,2025-01-25 23:00:00
601,Customer_96,West,Books,175.03,4,2025-01-26 00:00:00
602,Customer_152,West,Clothing,179.71,1,2025-01-26 01:00:00
603,Customer_151,East,Home,87.68,1,2025-01-26 02:00:00
604,Customer_190,South,Electronics,10.68,5,2025-01-26 03:00:00
605,Customer_224,South,Home,6.45,2,2025-01-26 04:00:00
606,Customer_37,North,Home,110.1,8,2025-01-26 05:00:00
607,Customer_268,South,Home,17.67,5,2025-01-26 06:00:00
608,Customer_369,West,Home,186.71,5,2025-01-26 07:00:00
609,Customer_183,West,Clothing,425.68,2,2025-01-26 08:00:00
610,Customer_13,South,Toys,428.97,7,2025-01-26 09:00:00
611,Customer_279,West,Books,215.2,8,2025-01-26 10:00:00
612,Customer_217,East,Home,47.46,1,2025-01-26 11:00:00
613,Customer_355,East,Home,397.55,2,2025-01-26 12:00:00
614,Customer_361,South,Home,434.48,4,2025-01-26 13:00:00
615,Customer_286,East,Toys,43.79,5,2025-01-26 14:00:00
616,Customer_273,East,Electronics,267.44,2,2025-01-26 15:00:00
617,Customer_369,North,Electronics,67.52,1,2025-01-26 16:00:00
618,Customer_62,North,Clothing,324.55,9,2025-01-26 17:00:00
619,Customer_84,East,Electronics,1178.35,1,2025-01-26 18:00:00
620,Customer_368,South,Home,6.1,4,2025-01-26 19:00:00
621,Customer_217,North,Home,455.32,2,2025-01-26 20:00:00
622,Customer_342,West,Home,194.91,4,2025-01-26 21:00:00
623,Customer_397,West,Clothing,725.24,8,2025-01-26 22:00:00
624,Customer_187,West,Home,125.1,8,2025-01-26 23:00:00
625,Customer_19,South,Electronics,375.97,9,2025-01-27 00:00:00
626,Customer_177,East,Toys,12.89,5,2025-01-27 01:00:00
627,Customer_100,West,Toys,81.68,7,2025-01-27 02:00:00
628,Customer_396,South,Books,13.87,3,2025-01-27 03:00:00
629,Customer_233,North,Electronics,740.54,4,2025-01-27 04:00:00
630,Customer_76,East,Home,339.63,9,2025-01-27 05:00:00
631,Customer_265,North,Toys,382.85,1,2025-01-27 06:00:00
632,Customer_284,South,Electronics,556.01,2,2025-01-27 07:00:00
633,Customer_206,West,Toys,17.79,5,2025-01-27 08:00:00
634,Customer_223,West,Home,97.42,3,2025-01-27 09:00:00
635,Customer_384,South,Toys,14.74,2,2025-01-27 10:00:00
636,Customer_52,West,Books,47.35,1,2025-01-27 11:00:00
637,Customer_339,East,Books,52.11,3,2025-01-27 12:00:00
638,Customer_367,South,Toys,126.64,1,2025-01-27 13:00:00
639,Customer_144,North,Electronics,62.55,1,2025-01-27 14:00:00
640,Customer_373,South,Electronics,21.29,1,2025-01-27 15:00:00
641,Customer_69,East,Electronics,36.66,8,2025-01-27 16:00:00
642,Customer_99,East,Toys,31.86,3,2025-01-27 17:00:00
643,Customer_396,South,Electronics,722.95,1,2025-01-27 18:00:00
644,Customer_25,South,Home,284.83,7,2025-01-27 19:00:00
645,Customer_379,West,Books,686.92,3,2025-01-27 20:00:00
646,Customer_53,East,Home,115.87,8,2025-01-27 21:00:00
647,Customer_151,South,Electronics,65.25,4,2025-01-27 22:00:00
648,Customer_144,South,Home,320.19,4,2025-01-27 23:00:00
649,Customer_57,East,Electronics,78.98,5,2025-01-28 00:00:00
650,Customer_39,South,Toys,71.16,6,2025-01-28 01:00:00
651,Customer_109,West,Home,52.92,7,2025-01-28 02:00:00
652,Customer_181,East,Toys,27.78,4,2025-01-28 03:00:00
653,Customer_42,West,Toys,59.27,8,2025-01-28 04:00:00
654,Customer_186,West,Clothing,87.8,6,2025-01-28 05:00:00
655,Customer_398,West,Electronics,224.17,1,2025-01-28 06:00:00
656,Customer_223,West,Books,12.92,1,2025-01-28 07:00:00
657,Customer_122,East,Electronics,47.27,9,2025-01-28 08:00:00
658,Customer_133,West,Books,331.12,6,2025-01-28 09:00:00
659,Customer_163,West,Electronics,31.78,8,2025-01-28 10:00:00
660,Customer_215,South,Toys,83.91,7,2025-01-28 11:00:00
661,Customer_221,East,Home,399.99,6,2025-01-28 12:00:00
662,Customer_235,East,Home,33.67,4,2025-01-28 13:00:00
663,Customer_331,North,Clothing,17.27,7,2025-01-28 14:00:00
664,Customer_146,East,Books,132.54,9,2025-01-28 15:00:00
665,Customer_239,East,Books,72.03,7,2025-01-28 16:00:00
666,Customer_76,North,Books,165.75,1,2025-01-28 17:00:00
667,Customer_9,East,Toys,325.73,9,2025-01-28 18:00:00
668,Customer_74,East,Books,29.5,4,2025-01-28 19:00:00
669,Customer_253,East,Home,173.83,3,2025-01-28 20:00:00
670,Customer_230,East,Toys,140.85,4,2025-01-28 21:00:00
671,Customer_7,North,Electronics,31.12,4,2025-01-28 22:00:00
672,Customer_174,East,Books,195.63,2,2025-01-28 23:00:00
673,Customer_141,East,Books,63.94,1,2025-01-29 00:00:00
674,Customer_168,North,Electronics,133.82,1,2025-01-29 01:00:00
675,Customer_170,South,Books,17.17,8,2025-01-29 02:00:00
676,Customer_393,West,Electronics,123.08,2,2025-01-29 03:00:00
677,Customer_283,South,Toys,73.19,5,2025-01-29 04:00:00
678,Customer_122,North,Home,345.62,4,2025-01-29 05:00:00
679,Customer_194,West,Electronics,11.73,8,2025-01-29 06:00:00
680,Customer_5,North,Clothing,108.47,2,2025-01-29 07:00:00
681,Customer_29,North,Electronics,122.66,9,2025-01-29 08:00:00
682,Customer_165,East,Books,258.2,7,2025-01-29 09:00:00
683,Customer_339,West,Toys,170.8,7,2025-01-29 10:00:00
684,Customer_136,East,Toys,220.05,1,2025-01-29 11:00:00
685,Customer_365,West,Electronics,300.16,2,2025-01-29 12:00:00
686,Customer_321,North,Home,396.39,4,2025-01-29 13:00:00
687,Customer_342,North,Clothing,75.34,4,2025-01-29 14:00:00
688,Customer_145,South,Toys,154.45,3,2025-01-29 15:00:00
689,Customer_327,West,Books,366.65,7,2025-01-29 16:00:00
690,Customer_217,East,Books,910.35,8,2025-01-29 17:00:00
691,Customer_301,South,Home,440.58,2,2025-01-29 18:00:00
692,Customer_132,South,Toys,92.87,4,2025-01-29 19:00:00
693,Customer_292,South,Electronics,43.42,3,2025-01-29 20:00:00
694,Customer_70,East,Books,134.43,2,2025-01-29 21:00:00
695,Customer_252,South,Home,270.68,6,2025-01-29 22:00:00
696,Customer_275,East,Toys,135.68,4,2025-01-29 23:00:00
697,Customer_364,South,Toys,132.01,6,2025-01-30 00:00:00
698,Customer_182,East,Toys,364.32,2,2025-01-30 01:00:00
699,Customer_167,North,Toys,89.7,4,2025-01-30 02:00:00
700,Customer_91,North,Toys,392.93,6,2025-01-30 03:00:00
701,Customer_202,North,Books,104.45,5,2025-01-30 04:00:00
702,Customer_346,North,Home,79.57,3,2025-01-30 05:00:00
703,Customer_19,North,Toys,121.02,8,2025-01-30 06:00:00
704,Customer_39,South,Clothing,287.47,7,2025-01-30 07:00:00
705,Customer_126,South,Clothing,26.94,3,2025-01-30 08:00:00
706,Customer_173,South,Home,43.74,6,2025-01-30 09:00:00
707,Customer_141,East,Electronics,605.01,4,2025-01-30 10:00:00
708,Customer_242,East,Electronics,38.59,5,2025-01-30 11:00:00
709,Customer_220,East,Electronics,167.74,5,2025-01-30 12:00:00
710,Customer_126,East,Clothing,173.17,7,2025-01-30 13:00:00
711,Customer_58,North,Electronics,134.52,5,2025-01-30 14:00:00
712,Customer_148,North,Books,206.98,3,2025-01-30 15:00:00
713,Customer_317,North,Toys,52.23,5,2025-01-30 16:00:00
714,Customer_383,West,Clothing,160.89,7,2025-01-30 17:00:00
715,Customer_361,South,Home,93.1,5,2025-01-30 18:00:00
716,Customer_1,East,Home,216.75,5,2025-01-30 19:00:00
717,Customer_387,East,Toys,30.45,9,2025-01-30 20:00:00
718,Customer_348,North,Clothing,169.2,3,2025-01-30 21:00:00
719,Customer_190,East,Electronics,40.98,6,2025-01-30 22:00:00
720,Customer_191,East,Electronics,65.32,1,2025-01-30 23:00:00
721,Customer_369,South,Books,49.36,5,2025-01-31 00:00:00
722,Customer_312,North,Books,40.38,8,2025-01-31 01:00:00
723,Customer_117,South,Electronics,349.41,5,2025-01-31 02:00:00
724,Customer_134,West,Home,67.29,9,2025-01-31 03:00:00
725,Customer_58,West,Home,523.8,6,2025-01-31 04:00:00
726,Customer_44,West,Books,700.82,8,2025-01-31 05:00:00
727,Customer_173,North,Toys,169.38,8,2025-01-31 06:00:00
728,Customer_160,East,Electronics,30.86,3,2025-01-31 07:00:00
729,Customer_173,North,Books,93.86,7,2025-01-31 08:00:00
730,Customer_317,North,Books,319.63,7,2025-01-31 09:00:00
731,Customer_303,East,Electronics,91.58,6,2025-01-31 10:00:00
732,Customer_149,South,Electronics,18.21,7,2025-01-31 11:00:00
733,Customer_80,West,Home,162.74,2,2025-01-31 12:00:00
734,Customer_374,South,Toys,373.02,9,2025-01-31 13:00:00
735,Customer_213,West,Toys,317.85,1,2025-01-31 14:00:00
736,Customer_203,North,Electronics,38.5,1,2025-01-31 15:00:00
737,Customer_252,West,Clothing,223.42,3,2025-01-31 16:00:00
738,Customer_229,North,Books,49.82,3,2025-01-31 17:00:00
739,Customer_164,South,Books,49.23,1,2025-01-31 18:00:00
740,Customer_227,North,Electronics,414.41,7,2025-01-31 19:00:00
741,Customer_147,South,Clothing,57.45,4,2025-01-31 20:00:00
742,Customer_20,East,Home,61.1,2,2025-01-31 21:00:00
743,Customer_47,East,Electronics,0.13,5,2025-01-31 22:00:00
744,Customer_233,East,Electronics,409.08,6,2025-01-31 23:00:00
745,Customer_305,North,Books,314.62,9,2025-02-01 00:00:00
746,Customer_14,East,Electronics,197.41,4,2025-02-01 01:00:00
747,Customer_143,West,Electronics,277.47,2,2025-02-01 02:00:00
748,Customer_1,South,Electronics,32.99,5,2025-02-01 03:00:00
749,Customer_373,South,Books,122.62,3,2025-02-01 04:00:00
750,Customer_54,West,Home,86.53,2,2025-02-01 05:00:00
751,Customer_374,North,Home,19.69,1,2025-02-01 06:00:00
752,Customer_259,North,Electronics,133.16,2,2025-02-01 07:00:00
753,Customer_144,South,Books,507.0,6,2025-02-01 08:00:00
754,Customer_12,East,Home,8.18,8,2025-02-01 09:00:00
755,Customer_330,North,Home,68.91,3,2025-02-01 10:00:00
756,Customer_224,North,Home,46.52,9,2025-02-01 11:00:00
757,Customer_272,West,Books,54.4,9,2025-02-01 12:00:00
758,Customer_358,West,Books,478.14,2,2025-02-01 13:00:00
759,Customer_156,East,Electronics,126.25,8,2025-02-01 14:00:00
760,Customer_373,North,Toys,125.58,5,2025-02-01 15:00:00
761,Customer_8,North,Home,285.9,4,2025-02-01 16:00:00
762,Customer_122,West,Toys,33.56,5,2025-02-01 17:00:00
763,Customer_348,North,Books,133.6,4,2025-02-01 18:00:00
764,Customer_164,South,Books,112.42,8,2025-02-01 19:00:00
765,Customer_90,West,Books,181.72,4,2025-02-01 20:00:00
766,Customer_136,East,Toys,1544.71,6,2025-02-01 21:00:00
767,Customer_186,West,Books,293.46,2,2025-02-01 22:00:00
768,Customer_316,North,Electronics,101.45,5,2025-02-01 23:00:00
769,Customer_178,East,Books,351.53,6,2025-02-02 00:00:00
770,Customer_28,West,Clothing,37.44,5,2025-02-02 01:00:00
771,Customer_220,South,Toys,6.19,2,2025-02-02 02:00:00
772,Customer_357,South,Clothing,45.74,7,2025-02-02 03:00:00
773,Customer_41,West,Books,83.23,4,2025-02-02 04:00:00
774,Customer_228,South,Electronics,142.91,8,2025-02-02 05:00:00
775,Customer_192,South,Home,190.97,7,2025-02-02 06:00:00
776,Customer_145,South,Books,482.94,7,2025-02-02 07:00:00
777,Customer_201,East,Electronics,142.61,9,2025-02-02 08:00:00
778,Customer_212,South,Toys,139.14,1,2025-02-02 09:00:00
779,Customer_220,South,Clothing,10.31,6,2025-02-02 10:00:00
780,Customer_240,South,Clothing,7.11,6,2025-02-02 11:00:00
781,Customer_397,East,Clothing,160.22,6,2025-02-02 12:00:00
782,Customer_46,West,Toys,115.31,6,2025-02-02 13:00:00
783,Customer_35,North,Electronics,365.49,7,2025-02-02 14:00:00
784,Customer_253,South,Toys,35.03,6,2025-02-02 15:00:00
785,Customer_390,West,Clothing,5.06,1,2025-02-02 16:00:00
786,Customer_82,South,Books,119.22,3,2025-02-02 17:00:00
787,Customer_371,East,Home,54.22,2,2025-02-02 18:00:00
788,Customer_256,West,Toys,10.18,6,2025-02-02 19:00:00
789,Customer_197,East,Toys,257.9,8,2025-02-02 20:00:00
790,Customer_303,South,Electronics,23.67,3,2025-02-02 21:00:00
791,Customer_10,South,Electronics,187.46,8,2025-02-02 22:00:00
792,Customer_312,East,Toys,65.99,8,2025-02-02 23:00:00
793,Customer_286,North,Clothing,38.11,5,2025-02-03 00:00:00
794,Customer_242,East,Home,95.53,8,2025-02-03 01:00:00
795,Customer_251,South,Electronics,323.34,6,2025-02-03 02:00:00
796,Customer_365,East,Clothing,99.55,5,2025-02-03 03:00:00
797,Customer_5,North,Books,277.88,9,2025-02-03 04:00:00
798,Customer_119,East,Electronics,26.82,7,2025-02-03 05:00:00
799,Customer_289,North,Clothing,296.36,8,2025-02-03 06:00:00
800,Customer_374,North,Clothing,54.08,1,2025-02-03 07:00:00
801,Customer_65,East,Home,226.26,2,2025-02-03 08:00:00
802,Customer_146,East,Home,166.84,8,2025-02-03 09:00:00
803,Customer_224,West,Books,529.42,9,2025-02-03 10:00:00
804,Customer_239,South,Clothing,97.98,4,2025-02-03 11:00:00
805,Customer_177,North,Clothing,13.69,9,2025-02-03 12:00:00
806,Customer_267,West,Home,3.87,4,2025-02-03 13:00:00
807,Customer_341,East,Electronics,350.73,9,2025-02-03 14:00:00
808,Customer_282,South,Electronics,148.78,7,2025-02-03 15:00:00
809,Customer_63,West,Toys,298.55,2,2025-02-03 16:00:00
810,Customer_217,North,Home,53.43,9,2025-02-03 17:00:00
811,Customer_342,West,Toys,84.65,4,2025-02-03 18:00:00
812,Customer_315,North,Home,6.11,8,2025-02-03 19:00:00
813,Customer_283,East,Books,651.38,7,2025-02-03 20:00:00
814,Customer_177,South,Clothing,220.44,7,2025-02-03 21:00:00
815,Customer_98,South,Books,541.23,8,2025-02-03 22:00:00
816,Customer_105,South,Home,61.71,1,2025-02-03 23:00:00
817,Customer_99,East,Clothing,189.07,5,2025-02-04 00:00:00
818,Customer_385,North,Electronics,226.95,2,2025-02-04 01:00:00
819,Customer_311,East,Electronics,76.41,2,2025-02-04 02:00:00
820,Customer_6,South,Toys,376.92,1,2025-02-04 03:00:00
821,Customer_197,East,Home,588.1,5,2025-02-04 04:00:00
822,Customer_351,East,Home,432.31,2,2025-02-04 05:00:00
823,Customer_133,East,Electronics,268.7,4,2025-02-04 06:00:00
824,Customer_358,North,Books,65.0,3,2025-02-04 07:00:00
825,Customer_259,West,Clothing,66.15,3,2025-02-04 08:00:00
826,Customer_23,West,Books,661.32,2,2025-02-04 09:00:00
827,Customer_53,East,Books,2.07,6,2025-02-04 10:00:00
828,Customer_165,West,Electronics,251.79,2,2025-02-04 11:00:00
829,Customer_202,West,Electronics,245.0,8,2025-02-04 12:00:00
830,Customer_83,East,Electronics,194.94,8,2025-02-04 13:00:00
831,Customer_145,East,Toys,923.22,5,2025-02-04 14:00:00
832,Customer_85,South,Books,74.76,7,2025-02-04 15:00:00
833,Customer_78,West,Home,83.09,4,2025-02-04 16:00:00
834,Customer_366,North,Clothing,16.45,1,2025-02-04 17:00:00
835,Customer_1,East,Toys,116.97,2,2025-02-04 18:00:00
836,Customer_51,South,Home,60.5,4,2025-02-04 19:00:00
837,Customer_173,North,Books,84.13,1,2025-02-04 20:00:00
838,Customer_205,West,Electronics,359.84,8,2025-02-04 21:00:00
839,Customer_260,South,Books,548.17,9,2025-02-04 22:00:00
840,Customer_369,East,Clothing,41.09,4,2025-02-04 23:00:00
841,Customer_288,North,Toys,93.21,3,2025-02-05 00:00:00
842,Customer_34,East,Toys,527.98,2,2025-02-05 01:00:00
843,Customer_348,West,Clothing,12.76,5,2025-02-05 02:00:00
844,Customer_95,North,Home,19.38,3,2025-02-05 03:00:00
845,Customer_72,West,Home,35.54,7,2025-02-05 04:00:00
846,Customer_39,West,Toys,180.88,6,2025-02-05 05:00:00
847,Customer_154,South,Toys,32.61,1,2025-02-05 06:00:00
848,Customer_250,East,Electronics,688.88,8,2025-02-05 07:00:00
849,Customer_162,North,Home,118.38,2,2025-02-05 08:00:00
850,Customer_118,West,Clothing,139.24,5,2025-02-05 09:00:00
851,Customer_259,West,Home,56.65,9,2025-02-05 10:00:00
852,Customer_379,North,Electronics,127.34,8,2025-02-05 11:00:00
853,Customer_306,West,Toys,216.89,2,2025-02-05 12:00:00
854,Customer_268,South,Toys,278.2,9,2025-02-05 13:00:00
855,Customer_54,South,Electronics,280.38,5,2025-02-05 14:00:00
856,Customer_236,South,Clothing,172.5,6,2025-02-05 15:00:00
857,Customer_389,South,Toys,469.43,3,2025-02-05 16:00:00
858,Customer_222,West,Books,340.1,3,2025-02-05 17:00:00
859,Customer_251,North,Toys,282.98,8,2025-02-05 18:00:00
860,Customer_313,North,Books,11.44,2,2025-02-05 19:00:00
861,Customer_112,North,Electronics,1.38,2,2025-02-05 20:00:00
862,Customer_255,North,Electronics,47.76,5,2025-02-05 21:00:00
863,Customer_303,East,Toys,217.85,6,2025-02-05 22:00:00
864,Customer_207,North,Home,105.93,2,2025-02-05 23:00:00
865,Customer_229,East,Books,102.97,5,2025-02-06 00:00:00
866,Customer_341,East,Clothing,431.85,7,2025-02-06 01:00:00
867,Customer_398,South,Toys,451.83,8,2025-02-06 02:00:00
868,Customer_66,East,Clothing,479.76,7,2025-02-06 03:00:00
869,Customer_75,West,Toys,75.34,8,2025-02-06 04:00:00
870,Customer_103,East,Home,234.92,9,2025-02-06 05:00:00
871,Customer_192,South,Home,63.39,5,2025-02-06 06:00:00
872,Customer_252,East,Home,42.29,5,2025-02-06 07:00:00
873,Customer_226,West,Home,40.82,4,2025-02-06 08:00:00
874,Customer_294,West,Electronics,83.74,9,2025-02-06 09:00:00
875,Customer_306,West,Electronics,112.41,5,2025-02-06 10:00:00
876,Customer_98,South,Books,355.51,2,2025-02-06 11:00:00
877,Customer_338,South,Clothing,25.54,8,2025-02-06 12:00:00
878,Customer_286,North,Toys,265.55,7,2025-02-06 13:00:00
879,Customer_335,South,Toys,151.62,8,2025-02-06 14:00:00
880,Customer_347,West,Electronics,67.92,3,2025-02-06 15:00:00
881,Customer_308,West,Toys,135.78,4,2025-02-06 16:00:00
882,Customer_249,South,Electronics,71.32,5,2025-02-06 17:00:00
883,Customer_166,East,Books,181.31,6,2025-02-06 18:00:00
884,Customer_335,South,Clothing,113.78,1,2025-02-06 19:00:00
885,Customer_30,South,Books,35.92,4,2025-02-06 20:00:00
886,Customer_247,West,Home,24.79,5,2025-02-06 21:00:00
887,Customer_106,North,Home,158.24,7,2025-02-06 22:00:00
888,Customer_51,West,Home,465.4,5,2025-02-06 23:00:00
889,Customer_81,North,Books,84.31,1,2025-02-07 00:00:00
890,Customer_133,West,Toys,264.1,7,2025-02-07 01:00:00
891,Customer_285,South,Clothing,214.98,8,2025-02-07 02:00:00
892,Customer_388,West,Home,536.34,7,2025-02-07 03:00:00
893,Customer_138,West,Home,344.05,4,2025-02-07 04:00:00
894,Customer_184,West,Home,167.22,8,2025-02-07 05:00:00
895,Customer_330,South,Clothing,214.02,5,2025-02-07 06:00:00
896,Customer_273,South,Home,457.32,9,2025-02-07 07:00:00
897,Customer_340,South,Clothing,102.0,5,2025-02-07 08:00:00
898,Customer_69,South,Home,79.14,1,2025-02-07 09:00:00
899,Customer_34,North,Books,2.17,9,2025-02-07 10:00:00
900,Customer_262,North,Books,350.37,5,2025-02-07 11:00:00
901,Customer_53,East,Clothing,322.87,6,2025-02-07 12:00:00
902,Customer_205,South,Books,22.06,4,2025-02-07 13:00:00
903,Customer_126,North,Clothing,172.01,6,2025-02-07 14:00:00
904,Customer_235,West,Books,124.72,8,2025-02-07 15:00:00
905,Customer_43,South,Books,25.27,3,2025-02-07 16:00:00
906,Customer_240,East,Clothing,788.17,5,2025-02-07 17:00:00
907,Customer_371,East,Toys,48.34,2,2025-02-07 18:00:00
908,Customer_111,East,Books,13.92,2,2025-02-07 19:00:00
909,Customer_249,West,Home,180.7,7,2025-02-07 20:00:00
910,Customer_151,North,Toys,268.54,6,2025-02-07 21:00:00
911,Customer_183,West,Clothing,6.6,4,2025-02-07 22:00:00
912,Customer_336,South,Toys,215.01,5,2025-02-07 23:00:00
913,Customer_95,East,Electronics,151.98,1,2025-02-08 00:00:00
914,Customer_374,West,Electronics,21.8,7,2025-02-08 01:00:00
915,Customer_8,West,Books,37.88,8,2025-02-08 02:00:00
916,Customer_388,North,Books,167.85,9,2025-02-08 03:00:00
917,Customer_360,North,Home,70.3,8,2025-02-08 04:00:00
918,Customer_388,East,Toys,557.15,5,2025-02-08 05:00:00
919,Customer_184,West,Electronics,341.56,3,2025-02-08 06:00:00
920,Customer_281,West,Books,821.7,9,2025-02-08 07:00:00
921,Customer_195,North,Toys,60.13,6,2025-02-08 08:00:00
922,Customer_352,West,Books,699.48,5,2025-02-08 09:00:00
923,Customer_195,West,Books,112.86,3,2025-02-08 10:00:00
924,Customer_155,West,Electronics,85.39,6,2025-02-08 11:00:00
925,Customer_93,North,Electronics,10.33,3,2025-02-08 12:00:00
926,Customer_160,East,Books,10.84,6,2025-02-08 13:00:00
927,Customer_61,South,Clothing,235.54,4,2025-02-08 14:00:00
928,Customer_122,East,Books,122.47,2,2025-02-08 15:00:00
929,Customer_51,South,Books,51.37,8,2025-02-08 16:00:00
930,Customer_277,West,Home,190.37,4,2025-02-08 17:00:00
931,Customer_5,East,Home,58.3,9,2025-02-08 18:00:00
932,Customer_92,South,Home,172.38,7,2025-02-08 19:00:00
933,Customer_170,North,Clothing,89.01,2,2025-02-08 20:00:00
934,Customer_317,North,Clothing,346.95,4,2025-02-08 21:00:00
935,Customer_22,East,Books,343.73,5,2025-02-08 22:00:00
936,Customer_326,East,Home,129.77,3,2025-02-08 23:00:00
937,Customer_1,West,Clothing,86.41,9,2025-02-09 00:00:00
938,Customer_133,East,Electronics,90.06,5,2025-02-09 01:00:00
939,Customer_233,West,Books,327.69,2,2025-02-09 02:00:00
940,Customer_12,West,Toys,79.55,3,2025-02-09 03:00:00
941,Customer_346,North,Books,46.91,9,2025-02-09 04:00:00
942,Customer_46,North,Toys,17.7,7,2025-02-09 05:00:00
943,Customer_34,South,Home,125.73,2,2025-02-09 06:00:00
944,Customer_78,North,Toys,131.61,9,2025-02-09 07:00:00
945,Customer_218,North,Home,367.66,4,2025-02-09 08:00:00
946,Customer_301,East,Electronics,50.01,9,2025-02-09 09:00:00
947,Customer_73,North,Toys,95.93,2,2025-02-09 10:00:00
948,Customer_282,South,Books,330.48,4,2025-02-09 11:00:00
949,Customer_249,East,Home,347.03,5,2025-02-09 12:00:00
950,Customer_47,South,Books,97.1,2,2025-02-09 13:00:00
951,Customer_121,North,Clothing,122.91,1,2025-02-09 14:00:00
952,Customer_214,South,Home,72.28,7,2025-02-09 15:00:00
953,Customer_239,East,Toys,539.29,1,2025-02-09 16:00:00
954,Customer_56,West,Home,25.26,8,2025-02-09 17:00:00
955,Customer_350,South,Books,542.86,3,2025-02-09 18:00:00
956,Customer_107,South,Electronics,230.32,6,2025-02-09 19:00:00
957,Customer_319,East,Home,151.67,7,2025-02-09 20:00:00
958,Customer_48,East,Toys,6.64,1,2025-02-09 21:00:00
959,Customer_61,South,Clothing,129.1,6,2025-02-09 22:00:00
960,Customer_337,North,Electronics,104.76,7,2025-02-09 23:00:00
961,Customer_26,South,Clothing,35.16,6,2025-02-10 00:00:00
962,Customer_292,East,Home,213.66,4,2025-02-10 01:00:00
963,Customer_257,West,Books,709.14,1,2025-02-10 02:00:00
964,Customer_8,West,Books,165.19,9,2025-02-10 03:00:00
965,Customer_113,North,Toys,250.88,4,2025-02-10 04:00:00
966,Customer_355,South,Books,14.18,7,2025-02-10 05:00:00
967,Customer_253,West,Electronics,108.14,7,2025-02-10 06:00:00
968,Customer_180,South,Books,24.74,2,2025-02-10 07:00:00
969,Customer_207,East,Toys,189.76,1,2025-02-10 08:00:00
970,Customer_303,West,Home,557.69,8,2025-02-10 09:00:00
971,Customer_127,North,Home,216.81,8,2025-02-10 10:00:00
972,Customer_56,East,Books,15.98,7,2025-02-10 11:00:00
973,Customer_214,North,Clothing,87.6,8,2025-02-10 12:00:00
974,Customer_14,East,Home,160.0,3,2025-02-10 13:00:00
975,Customer_28,West,Books,103.24,2,2025-02-10 14:00:00
976,Customer_78,North,Toys,358.73,7,2025-02-10 15:00:00
977,Customer_216,North,Books,337.12,8,2025-02-10 16:00:00
978,Customer_386,East,Home,189.26,1,2025-02-10 17:00:00
979,Customer_365,North,Toys,93.51,9,2025-02-10 18:00:00
980,Customer_154,East,Books,58.96,4,2025-02-10 19:00:00
981,Customer_14,East,Electronics,22.38,4,2025-02-10 20:00:00
982,Customer_187,East,Toys,87.67,3,2025-02-10 21:00:00
983,Customer_312,East,Electronics,106.6,6,2025-02-10 22:00:00
984,Customer_371,West,Clothing,225.29,1,2025-02-10 23:00:00
985,Customer_7,East,Toys,214.68,6,2025-02-11 00:00:00
986,Customer_3,South,Electronics,14.54,2,2025-02-11 01:00:00
987,Customer_111,North,Home,100.59,9,2025-02-11 02:00:00
988,Customer_238,South,Home,40.12,2,2025-02-11 03:00:00
989,Customer_363,West,Clothing,34.11,7,2025-02-11 04:00:00
990,Customer_239,South,Toys,351.24,1,2025-02-11 05:00:00
991,Customer_274,North,Toys,8.56,7,2025-02-11 06:00:00
992,Customer_294,South,Toys,108.66,5,2025-02-11 07:00:00
993,Customer_227,West,Clothing,36.83,8,2025-02-11 08:00:00
994,Customer_371,East,Toys,422.94,4,2025-02-11 09:00:00
995,Customer_15,South,Home,162.86,7,2025-02-11 10:00:00
996,Customer_192,West,Electronics,52.63,6,2025-02-11 11:00:00
997,Customer_119,West,Home,139.6,5,2025-02-11 12:00:00
998,Customer_28,North,Home,262.97,4,2025-02-11 13:00:00
999,Customer_202,North,Electronics,634.58,7,2025-02-11 14:00:00
1000,Customer_39,South,Home,49.81,5,2025-02-11 15:00:00
1001,Customer_273,East,Clothing,434.63,5,2025-02-11 16:00:00
1002,Customer_231,West,Electronics,544.54,1,2025-02-11 17:00:00
1003,Customer_86,South,Home,496.39,2,2025-02-11 18:00:00
1004,Customer_126,West,Books,201.8,5,2025-02-11 19:00:00
1005,Customer_300,West,Home,198.75,3,2025-02-11 20:00:00
1006,Customer_25,East,Clothing,103.24,2,2025-02-11 21:00:00
1007,Customer_145,East,Toys,279.19,4,2025-02-11 22:00:00
1008,Customer_13,South,Home,151.56,4,2025-02-11 23:00:00
1009,Customer_212,East,Toys,226.29,4,2025-02-12 00:00:00
1010,Customer_25,East,Books,111.88,4,2025-02-12 01:00:00
1011,Customer_68,South,Home,262.98,3,2025-02-12 02:00:00
1012,Customer_394,East,Electronics,347.99,7,2025-02-12 03:00:00
1013,Customer_67,North,Toys,31.67,9,2025-02-12 04:00:00
1014,Customer_233,West,Books,357.87,5,2025-02-12 05:00:00
1015,Customer_109,West,Electronics,155.43,4,2025-02-12 06:00:00
1016,Customer_146,West,Electronics,372.44,2,2025-02-12 07:00:00
1017,Customer_111,West,Electronics,112.88,2,2025-02-12 08:00:00
1018,Customer_228,South,Electronics,95.3,5,2025-02-12 09:00:00
1019,Customer_111,West,Home,493.16,7,2025-02-12 10:00:00
1020,Customer_34,West,Home,57.85,9,2025-02-12 11:00:00
1021,Customer_111,West,Home,371.85,7,2025-02-12 12:00:00
1022,Customer_264,West,Books,132.34,5,2025-02-12 13:00:00
1023,Customer_369,North,Books,144.35,6,2025-02-12 14:00:00
1024,Customer_236,West,Books,73.77,3,2025-02-12 15:00:00
1025,Customer_83,North,Clothing,170.21,5,2025-02-12 16:00:00
1026,Customer_42,South,Books,78.67,8,2025-02-12 17:00:00
1027,Customer_101,East,Home,8.01,1,2025-02-12 18:00:00
1028,Customer_6,West,Home,63.49,1,2025-02-12 19:00:00
1029,Customer_180,East,Clothing,1.28,7,2025-02-12 20:00:00
1030,Customer_282,East,Clothing,766.59,5,2025-02-12 21:00:00
1031,Customer_320,South,Books,674.8,5,2025-02-12 22:00:00
1032,Customer_226,East,Toys,100.56,1,2025-02-12 23:00:00
1033,Customer_315,North,Clothing,260.66,9,2025-02-13 00:00:00
1034,Customer_365,East,Electronics,84.87,1,2025-02-13 01:00:00
1035,Customer_229,East,Home,222.4,5,2025-02-13 02:00:00
1036,Customer_377,East,Electronics,327.39,9,2025-02-13 03:00:00
1037,Customer_289,West,Home,586.57,4,2025-02-13 04:00:00
1038,Customer_150,West,Home,102.24,8,2025-02-13 05:00:00
1039,Customer_277,North,Clothing,305.85,6,2025-02-13 06:00:00
1040,Customer_198,North,Clothing,61.83,3,2025-02-13 07:00:00
1041,Customer_70,West,Electronics,927.79,4,2025-02-13 08:00:00
1042,Customer_112,North,Home,5.22,2,2025-02-13 09:00:00
1043,Customer_4,West,Electronics,185.03,1,2025-02-13 10:00:00
1044,Customer_350,South,Toys,215.47,8,2025-02-13 11:00:00
1045,Customer_331,East,Electronics,232.98,1,2025-02-13 12:00:00
1046,Customer_318,East,Books,25.65,1,2025-02-13 13:00:00
1047,Customer_350,North,Electronics,557.84,4,2025-02-13 14:00:00
1048,Customer_95,West,Books,39.98,6,2025-02-13 15:00:00
1049,Customer_152,West,Books,194.97,9,2025-02-13 16:00:00
1050,Customer_311,North,Books,50.38,1,2025-02-13 17:00:00
1051,Customer_137,West,Toys,73.41,7,2025-02-13 18:00:00
1052,Customer_247,South,Electronics,158.13,5,2025-02-13 19:00:00
1053,Customer_387,East,Electronics,107.98,8,2025-02-13 20:00:00
1054,Customer_243,North,Toys,34.92,7,2025-02-13 21:00:00
1055,Customer_31,North,Home,37.49,4,2025-02-13 22:00:00
1056,Customer_40,West,Clothing,108.31,4,2025-02-13 23:00:00
1057,Customer_229,North,Electronics,283.17,6,2025-02-14 00:00:00
1058,Customer_36,South,Clothing,456.49,6,2025-02-14 01:00:00
1059,Customer_223,West,Toys,17.58,9,2025-02-14 02:00:00
1060,Customer_6,West,Home,99.88,5,2025-02-14 03:00:00
1061,Customer_322,West,Home,21.13,8,2025-02-14 04:00:00
1062,Customer_220,West,Home,3.35,5,2025-02-14 05:00:00
1063,Customer_75,South,Toys,216.78,2,2025-02-14 06:00:00
1064,Customer_4,West,Books,184.49,6,2025-02-14 07:00:00
1065,Customer_335,North,Books,35.59,9,2025-02-14 08:00:00
1066,Customer_134,South,Clothing,53.27,3,2025-02-14 09:00:00
1067,Customer_118,East,Books,4.8,1,2025-02-14 10:00:00
1068,Customer_369,East,Books,360.3,1,2025-02-14 11:00:00
1069,Customer_94,North,Home,735.32,3,2025-02-14 12:00:00
1070,Customer_62,North,Home,29.11,5,2025-02-14 13:00:00
1071,Customer_194,South,Clothing,52.66,3,2025-02-14 14:00:00
1072,Customer_335,East,Electronics,405.61,9,2025-02-14 15:00:00
1073,Customer_203,East,Clothing,522.0,8,2025-02-14 16:00:00
1074,Customer_392,East,Clothing,108.82,3,2025-02-14 17:00:00
1075,Customer_26,East,Toys,10.39,9,2025-02-14 18:00:00
1076,Customer_173,East,Toys,8.04,6,2025-02-14 19:00:00
1077,Customer_300,West,Clothing,170.64,7,2025-02-14 20:00:00
1078,Customer_133,North,Clothing,99.81,4,2025-02-14 21:00:00
1079,Customer_326,West,Clothing,5.81,4,2025-02-14 22:00:00
1080,Customer_118,East,Books,175.05,2,2025-02-14 23:00:00
1081,Customer_324,South,Toys,2.27,5,2025-02-15 00:00:00
1082,Customer_275,South,Clothing,309.64,8,2025-02-15 01:00:00
1083,Customer_212,East,Home,73.18,7,2025-02-15 02:00:00
1084,Customer_225,East,Home,8.22,7,2025-02-15 03:00:00
1085,Customer_20,South,Books,177.52,6,2025-02-15 04:00:00
1086,Customer_113,West,Books,101.39,3,2025-02-15 05:00:00
1087,Customer_140,West,Electronics,728.4,5,2025-02-15 06:00:00
1088,Customer_47,East,Electronics,157.14,1,2025-02-15 07:00:00
1089,Customer_1,West,Electronics,64.38,7,2025-02-15 08:00:00
1090,Customer_90,South,Books,247.19,9,2025-02-15 09:00:00
1091,Customer_142,West,Books,63.35,1,2025-02-15 10:00:00
1092,Customer_320,East,Books,469.19,2,2025-02-15 11:00:00
1093,Customer_38,South,Home,93.91,3,2025-02-15 12:00:00
1094,Customer_293,West,Books,159.64,3,2025-02-15 13:00:00
1095,Customer_382,North,Home,10.38,8,2025-02-15 14:00:00
1096,Customer_139,South,Electronics,111.07,7,2025-02-15 15:00:00
1097,Customer_356,South,Electronics,357.19,6,2025-02-15 16:00:00
1098,Customer_333,North,Electronics,327.62,4,2025-02-15 17:00:00
1099,Customer_259,North,Clothing,50.8,9,2025-02-15 18:00:00
1100,Customer_161,South,Clothing,51.26,1,2025-02-15 19:00:00
1101,Customer_390,North,Toys,339.99,2,2025-02-15 20:00:00
1102,Customer_178,East,Toys,532.99,4,2025-02-15 21:00:00
1103,Customer_10,East,Toys,20.04,3,2025-02-15 22:00:00
1104,Customer_261,East,Clothing,119.59,1,2025-02-15 23:00:00
1105,Customer_138,South,Clothing,82.33,5,2025-02-16 00:00:00
1106,Customer_172,North,Toys,409.11,7,2025-02-16 01:00:00
1107,Customer_386,North,Toys,17.44,2,2025-02-16 02:00:00
1108,Customer_13,West,Books,47.43,5,2025-02-16 03:00:00
1109,Customer_168,West,Toys,279.24,6,2025-02-16 04:00:00
1110,Customer_130,North,Books,10.53,7,2025-02-16 05:00:00
1111,Customer_84,North,Home,135.67,1,2025-02-16 06:00:00
1112,Customer_321,North,Clothing,116.72,7,2025-02-16 07:00:00
1113,Customer_319,South,Toys,81.41,4,2025-02-16 08:00:00
1114,Customer_101,North,Clothing,100.36,8,2025-02-16 09:00:00
1115,Customer_329,West,Clothing,150.98,4,2025-02-16 10:00:00
1116,Customer_273,South,Clothing,35.2,6,2025-02-16 11:00:00
1117,Customer_265,North,Home,169.72,9,2025-02-16 12:00:00
1118,Customer_399,West,Electronics,327.4,5,2025-02-16 13:00:00
1119,Customer_38,South,Toys,285.56,4,2025-02-16 14:00:00
1120,Customer_94,North,Electronics,33.42,8,2025-02-16 15:00:00
1121,Customer_95,North,Electronics,32.33,9,2025-02-16 16:00:00
1122,Customer_305,North,Electronics,62.44,4,2025-02-16 17:00:00
1123,Customer_69,South,Clothing,89.59,3,2025-02-16 18:00:00
1124,Customer_318,West,Books,105.0,8,2025-02-16 19:00:00
1125,Customer_236,West,Clothing,227.7,5,2025-02-16 20:00:00
1126,Customer_334,East,Clothing,11.67,2,2025-02-16 21:00:00
1127,Customer_373,North,Electronics,7.06,9,2025-02-16 22:00:00
1128,Customer_376,East,Clothing,99.49,3,2025-02-16 23:00:00
1129,Customer_137,East,Electronics,238.91,2,2025-02-17 00:00:00
1130,Customer_76,West,Books,42.99,1,2025-02-17 01:00:00
1131,Customer_35,South,Toys,205.17,8,2025-02-17 02:00:00
1132,Customer_1,South,Electronics,60.17,3,2025-02-17 03:00:00
1133,Customer_296,West,Books,434.46,7,2025-02-17 04:00:00
1134,Customer_320,South,Toys,452.08,1,2025-02-17 05:00:00
1135,Customer_60,East,Home,70.56,1,2025-02-17 06:00:00
1136,Customer_320,North,Electronics,52.27,9,2025-02-17 07:00:00
1137,Customer_349,West,Electronics,105.97,8,2025-02-17 08:00:00
1138,Customer_328,North,Home,55.03,3,2025-02-17 09:00:00
1139,Customer_267,South,Home,223.18,6,2025-02-17 10:00:00
1140,Customer_361,North,Electronics,349.81,3,2025-02-17 11:00:00
1141,Customer_229,South,Home,223.62,4,2025-02-17 12:00:00
1142,Customer_270,South,Clothing,347.85,1,2025-02-17 13:00:00
1143,Customer_316,East,Toys,101.17,5,2025-02-17 14:00:00
1144,Customer_286,South,Toys,34.0,1,2025-02-17 15:00:00
1145,Customer_291,East,Toys,267.84,1,2025-02-17 16:00:00
1146,Customer_213,East,Clothing,89.41,7,2025-02-17 17:00:00
1147,Customer_165,East,Home,222.5,6,2025-02-17 18:00:00
1148,Customer_5,West,Books,63.12,2,2025-02-17 19:00:00
1149,Customer_339,West,Home,16.94,2,2025-02-17 20:00:00
1150,Customer_379,South,Electronics,980.76,7,2025-02-17 21:00:00
1151,Customer_78,East,Toys,33.97,1,2025-02-17 22:00:00
1152,Customer_62,West,Home,891.71,2,2025-02-17 23:00:00
1153,Customer_132,East,Books,756.9,8,2025-02-18 00:00:00
1154,Customer_89,North,Electronics,315.8,6,2025-02-18 01:00:00
1155,Customer_237,North,Clothing,215.42,2,2025-02-18 02:00:00
1156,Customer_42,North,Clothing,172.46,7,2025-02-18 03:00:00
1157,Customer_89,South,Books,402.13,4,2025-02-18 04:00:00
1158,Customer_296,East,Electronics,68.34,2,2025-02-18 05:00:00
1159,Customer_328,North,Toys,126.1,6,2025-02-18 06:00:00
1160,Customer_295,West,Home,193.2,9,2025-02-18 07:00:00
1161,Customer_104,North,Electronics,105.93,9,2025-02-18 08:00:00
1162,Customer_14,North,Clothing,111.54,8,2025-02-18 09:00:00
1163,Customer_288,North,Books,80.18,3,2025-02-18 10:00:00
1164,Customer_179,South,Books,166.13,3,2025-02-18 11:00:00
1165,Customer_125,West,Home,380.19,2,2025-02-18 12:00:00
1166,Customer_353,East,Books,45.01,5,2025-02-18 13:00:00
1167,Customer_23,West,Books,544.94,4,2025-02-18 14:00:00
1168,Customer_63,East,Electronics,233.65,7,2025-02-18 15:00:00
1169,Customer_143,South,Toys,346.63,4,2025-02-18 16:00:00
1170,Customer_153,South,Home,162.47,9,2025-02-18 17:00:00
1171,Customer_145,South,Electronics,302.39,2,2025-02-18 18:00:00
1172,Customer_225,South,Toys,3.27,6,2025-02-18 19:00:00
1173,Customer_309,East,Electronics,341.17,7,2025-02-18 20:00:00
1174,Customer_104,North,Electronics,8.19,4,2025-02-18 21:00:00
1175,Customer_104,East,Books,441.3,6,2025-02-18 22:00:00
1176,Customer_39,West,Toys,964.73,7,2025-02-18 23:00:00
1177,Customer_198,South,Home,69.65,4,2025-02-19 00:00:00
1178,Customer_134,South,Home,47.23,8,2025-02-19 01:00:00
1179,Customer_67,West,Toys,289.94,9,2025-02-19 02:00:00
1180,Customer_391,East,Books,58.35,1,2025-02-19 03:00:00
1181,Customer_179,North,Clothing,401.33,7,2025-02-19 04:00:00
1182,Customer_42,North,Electronics,21.7,9,2025-02-19 05:00:00
1183,Customer_15,West,Books,26.92,5,2025-02-19 06:00:00
1184,Customer_111,North,Toys,774.1,2,2025-02-19 07:00:00
1185,Customer_157,East,Electronics,224.07,6,2025-02-19 08:00:00
1186,Customer_289,East,Home,375.32,7,2025-02-19 09:00:00
1187,Customer_231,West,Clothing,78.41,2,2025-02-19 10:00:00
1188,Customer_157,East,Home,225.7,2,2025-02-19 11:00:00
1189,Customer_38,South,Toys,180.4,1,2025-02-19 12:00:00
1190,Customer_97,West,Electronics,184.84,4,2025-02-19 13:00:00
1191,Customer_289,East,Toys,229.48,7,2025-02-19 14:00:00
1192,Customer_254,West,Electronics,171.3,9,2025-02-19 15:00:00
1193,Customer_196,North,Books,112.1,3,2025-02-19 16:00:00
1194,Customer_86,East,Clothing,64.57,7,2025-02-19 17:00:00
1195,Customer_322,South,Books,292.71,7,2025-02-19 18:00:00
1196,Customer_10,East,Books,51.31,7,2025-02-19 19:00:00
1197,Customer_5,West,Toys,235.76,2,2025-02-19 20:00:00
1198,Customer_123,West,Clothing,53.14,6,2025-02-19 21:00:00
1199,Customer_330,East,Electronics,196.34,2,2025-02-19 22:00:00
1200,Customer_353,South,Electronics,274.94,6,2025-02-19 23:00:00
1201,Customer_118,South,Home,49.36,3,2025-02-20 00:00:00
1202,Customer_294,South,Electronics,12.36,2,2025-02-20 01:00:00
1203,Customer_397,West,Toys,28.08,6,2025-02-20 02:00:00
1204,Customer_159,East,Books,186.28,2,2025-02-20 03:00:00
1205,Customer_303,North,Books,378.69,5,2025-02-20 04:00:00
1206,Customer_228,West,Books,9.21,2,2025-02-20 05:00:00
1207,Customer_365,South,Clothing,264.97,3,2025-02-20 06:00:00
1208,Customer_216,East,Electronics,83.5,3,2025-02-20 07:00:00
1209,Customer_184,South,Toys,130.22,6,2025-02-20 08:00:00
1210,Customer_15,North,Clothing,528.62,6,2025-02-20 09:00:00
1211,Customer_157,South,Home,80.68,3,2025-02-20 10:00:00
1212,Customer_136,South,Toys,125.22,3,2025-02-20 11:00:00
1213,Customer_261,North,Toys,2.76,1,2025-02-20 12:00:00
1214,Customer_157,East,Toys,17.02,7,2025-02-20 13:00:00
1215,Customer_47,West,Books,59.84,8,2025-02-20 14:00:00
1216,Customer_324,East,Toys,5.65,2,2025-02-20 15:00:00
1217,Customer_332,North,Electronics,199.6,4,2025-02-20 16:00:00
1218,Customer_173,South,Toys,111.16,7,2025-02-20 17:00:00
1219,Customer_130,East,Books,158.88,8,2025-02-20 18:00:00
1220,Customer_95,West,Toys,38.39,1,2025-02-20 19:00:00
1221,Customer_115,North,Home,70.18,4,2025-02-20 20:00:00
1222,Customer_243,East,Home,218.02,6,2025-02-20 21:00:00
1223,Customer_292,West,Books,672.22,3,2025-02-20 22:00:00
1224,Customer_282,North,Electronics,10.35,5,2025-02-20 23:00:00
1225,Customer_299,West,Electronics,442.15,9,2025-02-21 00:00:00
1226,Customer_283,North,Clothing,172.02,3,2025-02-21 01:00:00
1227,Customer_69,South,Books,165.99,5,2025-02-21 02:00:00
1228,Customer_148,East,Toys,138.74,8,2025-02-21 03:00:00
1229,Customer_11,West,Books,14.38,6,2025-02-21 04:00:00
1230,Customer_254,North,Clothing,18.84,4,2025-02-21 05:00:00
1231,Customer_330,West,Books,183.71,8,2025-02-21 06:00:00
1232,Customer_360,West,Books,83.39,3,2025-02-21 07:00:00
1233,Customer_38,East,Clothing,498.43,3,2025-02-21 08:00:00
1234,Customer_134,South,Electronics,104.37,4,2025-02-21 09:00:00
1235,Customer_200,West,Toys,30.93,9,2025-02-21 10:00:00
1236,Customer_23,North,Clothing,250.86,5,2025-02-21 11:00:00
1237,Customer_303,North,Home,69.44,8,2025-02-21 12:00:00
1238,Customer_346,South,Electronics,149.09,6,2025-02-21 13:00:00
1239,Customer_302,North,Home,239.35,3,2025-02-21 14:00:00
1240,Customer_363,South,Electronics,461.05,8,2025-02-21 15:00:00
1241,Customer_396,North,Toys,314.23,9,2025-02-21 16:00:00
1242,Customer_218,East,Toys,225.63,8,2025-02-21 17:00:00
1243,Customer_141,West,Books,227.66,4,2025-02-21 18:00:00
1244,Customer_104,East,Home,583.48,6,2025-02-21 19:00:00
1245,Customer_210,West,Electronics,70.15,1,2025-02-21 20:00:00
1246,Customer_111,West,Toys,0.22,4,2025-02-21 21:00:00
1247,Customer_104,West,Clothing,63.48,8,2025-02-21 22:00:00
1248,Customer_316,East,Toys,49.15,1,2025-02-21 23:00:00
1249,Customer_171,West,Clothing,216.84,3,2025-02-22 00:00:00
1250,Customer_356,East,Electronics,200.87,1,2025-02-22 01:00:00
1251,Customer_324,South,Toys,180.02,9,2025-02-22 02:00:00
1252,Customer_133,North,Toys,3.28,2,2025-02-22 03:00:00
1253,Customer_376,North,Electronics,260.96,9,2025-02-22 04:00:00
1254,Customer_293,West,Toys,78.17,4,2025-02-22 05:00:00
1255,Customer_328,East,Clothing,218.76,2,2025-02-22 06:00:00
1256,Customer_127,North,Toys,162.65,4,2025-02-22 07:00:00
1257,Customer_106,East,Home,83.93,6,2025-02-22 08:00:00
1258,Customer_92,East,Books,28.91,7,2025-02-22 09:00:00
1259,Customer_287,West,Clothing,19.84,3,2025-02-22 10:00:00
1260,Customer_378,North,Home,356.19,3,2025-02-22 11:00:00
1261,Customer_393,West,Electronics,501.18,8,2025-02-22 12:00:00
1262,Customer_51,West,Clothing,209.84,5,2025-02-22 13:00:00
1263,Customer_29,North,Books,21.84,4,2025-02-22 14:00:00
1264,Customer_296,North,Books,102.84,7,2025-02-22 15:00:00
1265,Customer_297,South,Electronics,261.08,7,2025-02-22 16:00:00
1266,Customer_214,South,Electronics,302.66,9,2025-02-22 17:00:00
1267,Customer_267,East,Clothing,25.16,9,2025-02-22 18:00:00
1268,Customer_257,North,Toys,0.01,5,2025-02-22 19:00:00
1269,Customer_302,South,Electronics,249.05,8,2025-02-22 20:00:00
1270,Customer_101,East,Toys,88.2,1,2025-02-22 21:00:00
1271,Customer_346,East,Home,58.74,9,2025-02-22 22:00:00
1272,Customer_110,East,Books,2.6,8,2025-02-22 23:00:00
1273,Customer_182,South,Toys,155.44,6,2025-02-23 00:00:00
1274,Customer_313,North,Books,380.96,3,2025-02-23 01:00:00
1275,Customer_1,West,Toys,632.27,3,2025-02-23 02:00:00
1276,Customer_319,East,Home,166.82,8,2025-02-23 03:00:00
1277,Customer_55,South,Electronics,144.5,5,2025-02-23 04:00:00
1278,Customer_371,South,Home,17.78,7,2025-02-23 05:00:00
1279,Customer_399,West,Electronics,159.2,5,2025-02-23 06:00:00
1280,Customer_149,West,Electronics,95.6,8,2025-02-23 07:00:00
1281,Customer_309,South,Books,186.86,4,2025-02-23 08:00:00
1282,Customer_137,North,Home,98.44,2,2025-02-23 09:00:00
1283,Customer_202,West,Toys,54.97,3,2025-02-23 10:00:00
1284,Customer_313,South,Home,19.96,8,2025-02-23 11:00:00
1285,Customer_117,West,Books,75.64,7,2025-02-23 12:00:00
1286,Customer_154,North,Electronics,20.33,2,2025-02-23 13:00:00
1287,Customer_291,East,Books,38.93,6,2025-02-23 14:00:00
1288,Customer_63,West,Clothing,873.8,9,2025-02-23 15:00:00
1289,Customer_244,North,Clothing,117.43,4,2025-02-23 16:00:00
1290,Customer_25,South,Toys,151.8,9,2025-02-23 17:00:00
1291,Customer_90,West,Books,413.69,2,2025-02-23 18:00:00
1292,Customer_75,West,Toys,1083.82,2,2025-02-23 19:00:00
1293,Customer_294,South,Toys,174.8,9,2025-02-23 20:00:00
1294,Customer_386,East,Clothing,334.77,7,2025-02-23 21:00:00
1295,Customer_391,South,Toys,79.18,7,2025-02-23 22:00:00
1296,Customer_210,West,Clothing,72.98,1,2025-02-23 23:00:00
1297,Customer_347,South,Electronics,103.07,6,2025-02-24 00:00:00
1298,Customer_17,North,Books,223.26,7,2025-02-24 01:00:00
1299,Customer_128,South,Toys,229.26,6,2025-02-24 02:00:00
1300,Customer_364,West,Clothing,75.74,6,2025-02-24 03:00:00
1301,Customer_251,South,Home,28.59,2,2025-02-24 04:00:00
1302,Customer_179,East,Toys,200.15,6,2025-02-24 05:00:00
1303,Customer_182,South,Electronics,27.47,4,2025-02-24 06:00:00
1304,Customer_152,East,Electronics,172.78,9,2025-02-24 07:00:00
1305,Customer_25,North,Home,236.46,1,2025-02-24 08:00:00
1306,Customer_180,East,Clothing,241.2,8,2025-02-24 09:00:00
1307,Customer_198,South,Toys,280.06,5,2025-02-24 10:00:00
1308,Customer_344,West,Clothing,412.49,1,2025-02-24 11:00:00
1309,Customer_161,East,Electronics,138.61,4,2025-02-24 12:00:00
1310,Customer_177,North,Clothing,262.05,1,2025-02-24 13:00:00
1311,Customer_285,East,Electronics,193.08,6,2025-02-24 14:00:00
1312,Customer_63,East,Clothing,41.32,2,2025-02-24 15:00:00
1313,Customer_150,East,Home,5.21,5,2025-02-24 16:00:00
1314,Customer_154,North,Books,66.97,7,2025-02-24 17:00:00
1315,Customer_156,South,Home,117.05,2,2025-02-24 18:00:00
1316,Customer_370,East,Home,192.0,6,2025-02-24 19:00:00
1317,Customer_49,East,Books,379.37,6,2025-02-24 20:00:00
1318,Customer_337,West,Books,43.69,5,2025-02-24 21:00:00
1319,Customer_84,North,Toys,26.83,5,2025-02-24 22:00:00
1320,Customer_361,East,Toys,661.98,3,2025-02-24 23:00:00
1321,Customer_177,North,Home,22.87,2,2025-02-25 00:00:00
1322,Customer_148,East,Home,130.21,7,2025-02-25 01:00:00
1323,Customer_118,South,Electronics,176.17,1,2025-02-25 02:00:00
1324,Customer_342,South,Electronics,155.9,6,2025-02-25 03:00:00
1325,Customer_63,East,Toys,17.99,6,2025-02-25 04:00:00
1326,Customer_189,South,Toys,11.74,3,2025-02-25 05:00:00
1327,Customer_360,East,Electronics,22.29,2,2025-02-25 06:00:00
1328,Customer_49,South,Electronics,176.18,2,2025-02-25 07:00:00
1329,Customer_327,West,Clothing,157.2,9,2025-02-25 08:00:00
1330,Customer_257,West,Clothing,53.25,5,2025-02-25 09:00:00
1331,Customer_224,West,Electronics,203.1,7,2025-02-25 10:00:00
1332,Customer_141,North,Clothing,343.03,5,2025-02-25 11:00:00
1333,Customer_215,North,Books,8.49,7,2025-02-25 12:00:00
1334,Customer_379,West,Toys,137.88,4,2025-02-25 13:00:00
1335,Customer_211,North,Toys,233.79,8,2025-02-25 14:00:00
1336,Customer_318,South,Electronics,58.15,7,2025-02-25 15:00:00
1337,Customer_32,East,Home,73.57,5,2025-02-25 16:00:00
1338,Customer_158,East,Electronics,190.2,6,2025-02-25 17:00:00
1339,Customer_285,East,Clothing,456.43,5,2025-02-25 18:00:00
1340,Customer_305,West,Home,332.07,7,2025-02-25 19:00:00
1341,Customer_286,North,Clothing,175.0,2,2025-02-25 20:00:00
1342,Customer_144,South,Books,262.03,5,2025-02-25 21:00:00
1343,Customer_19,South,Clothing,90.77,3,2025-02-25 22:00:00
1344,Customer_18,West,Books,204.87,9,2025-02-25 23:00:00
1345,Customer_257,South,Books,125.54,6,2025-02-26 00:00:00
1346,Customer_78,South,Clothing,42.13,3,2025-02-26 01:00:00
1347,Customer_371,South,Clothing,241.96,7,2025-02-26 02:00:00
1348,Customer_175,South,Books,162.6,4,2025-02-26 03:00:00
1349,Customer_194,North,Home,88.83,3,2025-02-26 04:00:00
1350,Customer_113,South,Books,484.59,8,2025-02-26 05:00:00
1351,Customer_114,East,Toys,4.23,4,2025-02-26 06:00:00
1352,Customer_222,West,Books,75.89,1,2025-02-26 07:00:00
1353,Customer_166,North,Home,11.71,6,2025-02-26 08:00:00
1354,Customer_319,South,Toys,290.94,1,2025-02-26 09:00:00
1355,Customer_132,North,Electronics,242.2,5,2025-02-26 10:00:00
1356,Customer_385,South,Electronics,80.5,7,2025-02-26 11:00:00
1357,Customer_264,East,Home,225.19,6,2025-02-26 12:00:00
1358,Customer_55,West,Books,100.82,2,2025-02-26 13:00:00
1359,Customer_359,South,Clothing,282.33,4,2025-02-26 14:00:00
1360,Customer_131,South,Home,121.09,2,2025-02-26 15:00:00
1361,Customer_288,South,Toys,106.3,1,2025-02-26 16:00:00
1362,Customer_266,South,Toys,545.84,3,2025-02-26 17:00:00
1363,Customer_366,West,Electronics,57.77,3,2025-02-26 18:00:00
1364,Customer_162,West,Toys,25.67,7,2025-02-26 19:00:00
1365,Customer_380,East,Home,175.68,1,2025-02-26 20:00:00
1366,Customer_87,West,Toys,696.84,9,2025-02-26 21:00:00
1367,Customer_55,South,Home,94.91,6,2025-02-26 22:00:00
1368,Customer_288,East,Clothing,12.81,4,2025-02-26 23:00:00
1369,Customer_178,East,Electronics,82.89,3,2025-02-27 00:00:00
1370,Customer_391,East,Toys,141.02,3,2025-02-27 01:00:00
1371,Customer_349,South,Home,35.33,2,2025-02-27 02:00:00
1372,Customer_8,North,Books,214.65,2,2025-02-27 03:00:00
1373,Customer_321,South,Electronics,1219.31,5,2025-02-27 04:00:00
1374,Customer_313,West,Clothing,120.2,9,2025-02-27 05:00:00
1375,Customer_247,West,Home,87.62,2,2025-02-27 06:00:00
1376,Customer_323,South,Clothing,102.4,2,2025-02-27 07:00:00
1377,Customer_255,South,Clothing,24.47,6,2025-02-27 08:00:00
1378,Customer_328,East,Toys,429.58,2,2025-02-27 09:00:00
1379,Customer_54,South,Toys,107.17,4,2025-02-27 10:00:00
1380,Customer_249,East,Home,97.97,6,2025-02-27 11:00:00
1381,Customer_239,West,Books,215.58,5,2025-02-27 12:00:00
1382,Customer_229,East,Home,116.69,1,2025-02-27 13:00:00
1383,Customer_67,South,Books,208.96,6,2025-02-27 14:00:00
1384,Customer_51,West,Clothing,12.68,1,2025-02-27 15:00:00
1385,Customer_97,North,Electronics,336.1,3,2025-02-27 16:00:00
1386,Customer_92,East,Home,564.37,5,2025-02-27 17:00:00
1387,Customer_264,West,Home,209.26,5,2025-02-27 18:00:00
1388,Customer_291,East,Books,618.3,6,2025-02-27 19:00:00
1389,Customer_96,West,Clothing,32.84,8,2025-02-27 20:00:00
1390,Customer_88,West,Clothing,129.79,5,2025-02-27 21:00:00
1391,Customer_78,East,Books,184.16,1,2025-02-27 22:00:00
1392,Customer_288,North,Clothing,174.33,5,2025-02-27 23:00:00
1393,Customer_120,West,Toys,102.65,3,2025-02-28 00:00:00
1394,Customer_302,West,Electronics,82.52,4,2025-02-28 01:00:00
1395,Customer_165,West,Home,27.12,8,2025-02-28 02:00:00
1396,Customer_182,North,Electronics,99.43,7,2025-02-28 03:00:00
1397,Customer_398,North,Home,35.51,5,2025-02-28 04:00:00
1398,Customer_223,South,Toys,265.13,2,2025-02-28 05:00:00
1399,Customer_311,East,Clothing,46.85,6,2025-02-28 06:00:00
1400,Customer_7,North,Books,12.07,6,2025-02-28 07:00:00
1401,Customer_330,East,Toys,160.76,6,2025-02-28 08:00:00
1402,Customer_263,South,Electronics,180.89,9,2025-02-28 09:00:00
1403,Customer_161,East,Books,411.01,8,2025-02-28 10:00:00
1404,Customer_151,North,Clothing,172.07,8,2025-02-28 11:00:00
1405,Customer_85,East,Toys,84.77,1,2025-02-28 12:00:00
1406,Customer_147,North,Books,324.92,5,2025-02-28 13:00:00
1407,Customer_112,East,Toys,155.43,7,2025-02-28 14:00:00
1408,Customer_381,North,Toys,16.52,6,2025-02-28 15:00:00
1409,Customer_36,North,Clothing,166.87,5,2025-02-28 16:00:00
1410,Customer_285,East,Home,477.23,8,2025-02-28 17:00:00
1411,Customer_188,South,Books,100.94,3,2025-02-28 18:00:00
1412,Customer_82,West,Clothing,70.29,6,2025-02-28 19:00:00
1413,Customer_2,South,Toys,30.97,5,2025-02-28 20:00:00
1414,Customer_385,East,Clothing,32.84,8,2025-02-28 21:00:00
1415,Customer_303,South,Home,113.4,4,2025-02-28 22:00:00
1416,Customer_197,North,Books,181.11,8,2025-02-28 23:00:00
1417,Customer_11,West,Home,16.81,2,2025-03-01 00:00:00
1418,Customer_234,East,Electronics,561.25,9,2025-03-01 01:00:00
1419,Customer_386,East,Books,281.41,9,2025-03-01 02:00:00
1420,Customer_195,East,Home,176.68,6,2025-03-01 03:00:00
1421,Customer_119,West,Toys,352.56,4,2025-03-01 04:00:00
1422,Customer_396,North,Books,16.72,4,2025-03-01 05:00:00
1423,Customer_20,East,Books,129.57,6,2025-03-01 06:00:00
1424,Customer_261,South,Clothing,198.9,5,2025-03-01 07:00:00
1425,Customer_293,East,Toys,352.81,6,2025-03-01 08:00:00
1426,Customer_256,East,Electronics,306.0,7,2025-03-01 09:00:00
1427,Customer_222,East,Home,64.89,7,2025-03-01 10:00:00
1428,Customer_393,East,Clothing,565.64,9,2025-03-01 11:00:00
1429,Customer_226,North,Home,26.56,8,2025-03-01 12:00:00
1430,Customer_53,South,Electronics,416.1,6,2025-03-01 13:00:00
1431,Customer_355,North,Electronics,707.68,6,2025-03-01 14:00:00
1432,Customer_342,South,Books,39.0,5,2025-03-01 15:00:00
1433,Customer_364,East,Electronics,256.07,1,2025-03-01 16:00:00
1434,Customer_280,West,Home,8.22,9,2025-03-01 17:00:00
1435,Customer_81,North,Toys,103.98,9,2025-03-01 18:00:00
1436,Customer_202,West,Toys,145.25,9,2025-03-01 19:00:00
1437,Customer_158,North,Books,173.81,8,2025-03-01 20:00:00
1438,Customer_120,East,Home,549.58,3,2025-03-01 21:00:00
1439,Customer_59,North,Home,223.1,1,2025-03-01 22:00:00
1440,Customer_215,East,Electronics,131.28,8,2025-03-01 23:00:00
1441,Customer_128,North,Home,331.8,7,2025-03-02 00:00:00
1442,Customer_224,East,Clothing,601.29,5,2025-03-02 01:00:00
1443,Customer_209,East,Electronics,4.46,7,2025-03-02 02:00:00
1444,Customer_370,South,Clothing,809.35,4,2025-03-02 03:00:00
1445,Customer_115,East,Books,18.01,9,2025-03-02 04:00:00
1446,Customer_209,South,Toys,336.82,2,2025-03-02 05:00:00
1447,Customer_14,East,Books,65.79,9,2025-03-02 06:00:00
1448,Customer_9,West,Toys,28.35,9,2025-03-02 07:00:00
1449,Customer_40,East,Books,115.91,5,2025-03-02 08:00:00
1450,Customer_237,West,Home,206.54,1,2025-03-02 09:00:00
1451,Customer_281,West,Clothing,95.91,7,2025-03-02 10:00:00
1452,Customer_359,East,Toys,11.22,4,2025-03-02 11:00:00
1453,Customer_201,West,Electronics,182.99,9,2025-03-02 12:00:00
1454,Customer_246,South,Clothing,465.38,6,2025-03-02 13:00:00
1455,Customer_278,North,Electronics,96.65,3,2025-03-02 14:00:00
1456,Customer_235,East,Clothing,48.75,6,2025-03-02 15:00:00
1457,Customer_4,West,Clothing,116.89,6,2025-03-02 16:00:00
1458,Customer_154,East,Books,9.91,5,2025-03-02 17:00:00
1459,Customer_29,South,Toys,343.5,2,2025-03-02 18:00:00
1460,Customer_109,East,Toys,350.13,2,2025-03-02 19:00:00
1461,Customer_98,East,Clothing,177.35,7,2025-03-02 20:00:00
1462,Customer_215,West,Home,87.11,2,2025-03-02 21:00:00
1463,Customer_293,South,Home,321.67,6,2025-03-02 22:00:00
1464,Customer_75,North,Electronics,161.8,5,2025-03-02 23:00:00
1465,Customer_326,North,Electronics,349.66,4,2025-03-03 00:00:00
1466,Customer_146,West,Books,199.64,7,2025-03-03 01:00:00
1467,Customer_128,East,Clothing,306.87,8,2025-03-03 02:00:00
1468,Customer_341,West,Electronics,182.54,4,2025-03-03 03:00:00
1469,Customer_42,West,Electronics,106.94,1,2025-03-03 04:00:00
1470,Customer_356,West,Clothing,633.76,1,2025-03-03 05:00:00
1471,Customer_41,East,Books,155.79,1,2025-03-03 06:00:00
1472,Customer_34,South,Electronics,185.82,1,2025-03-03 07:00:00
1473,Customer_17,West,Books,49.82,5,2025-03-03 08:00:00
1474,Customer_165,East,Toys,196.51,4,2025-03-03 09:00:00
1475,Customer_153,South,Books,169.54,9,2025-03-03 10:00:00
1476,Customer_378,West,Home,40.87,3,2025-03-03 11:00:00
1477,Customer_76,North,Home,12.29,7,2025-03-03 12:00:00
1478,Customer_87,South,Books,185.45,8,2025-03-03 13:00:00
1479,Customer_117,West,Home,288.52,6,2025-03-03 14:00:00
1480,Customer_362,South,Toys,148.22,1,2025-03-03 15:00:00
1481,Customer_342,South,Clothing,51.44,8,2025-03-03 16:00:00
1482,Customer_27,South,Home,219.64,3,2025-03-03 17:00:00
1483,Customer_313,South,Home,16.7,8,2025-03-03 18:00:00
1484,Customer_287,South,Books,116.62,4,2025-03-03 19:00:00
1485,Customer_134,South,Toys,35.67,8,2025-03-03 20:00:00
1486,Customer_219,West,Clothing,40.78,1,2025-03-03 21:00:00
1487,Customer_168,North,Books,45.2,3,2025-03-03 22:00:00
1488,Customer_98,East,Books,97.78,6,2025-03-03 23:00:00
1489,Customer_268,South,Toys,10.5,9,2025-03-04 00:00:00
1490,Customer_237,East,Clothing,101.43,2,2025-03-04 01:00:00
1491,Customer_309,West,Toys,143.37,1,2025-03-04 02:00:00
1492,Customer_394,South,Clothing,132.06,3,2025-03-04 03:00:00
1493,Customer_173,North,Toys,96.51,4,2025-03-04 04:00:00
1494,Customer_190,East,Books,365.45,5,2025-03-04 05:00:00
1495,Customer_122,South,Books,31.41,3,2025-03-04 06:00:00
1496,Customer_46,West,Electronics,140.92,2,2025-03-04 07:00:00
1497,Customer_64,North,Home,12.81,2,2025-03-04 08:00:00
1498,Customer_130,East,Toys,14.76,7,2025-03-04 09:00:00
1499,Customer_310,East,Electronics,170.6,9,2025-03-04 10:00:00
1500,Customer_363,South,Home,166.95,2,2025-03-04 11:00:00
